รหัสตำรับ,ข้อบ่งใช้
WRO001/2,ลมจับโปง
WRO002/1,หืดไอ
WRO003/1,ลมจับโปง
WRO004/3,ธาตุพิการ
WRO005/1,ลมวิงเวียน
WRO006/1,ไข้
WRO007/2,ลมจับโปง
WRO008/1,ธาตุพิการ
WRO009/1,ไข้
WRO010/1,ลมวิงเวียน
WRO011/3,ลมวิงเวียน
WRO012/1,ลมวิงเวียน
WRO013/1,ธาตุพิการ
WRO014/1,ธาตุพิการ
WRO015/3,ไข้
WRO016/1,ลมจับโปง
WRO017/3,ลมจับโปง
WRO018/2,ลมวิงเวียน
WRO019/3,หืดไอ
WRO020/1,ไข้
WRO021/1,ลมจับโปง
WRO022/2,หืดไอ
WRO023/1,หืดไอ
WRO024/3,หืดไอ
WRO025/3,ลมวิงเวียน
WRO026/3,ธาตุพิการ
WRO027/1,ธาตุพิการ
WRO028/1,หืดไอ
WRO029/2,ลมวิงเวียน
WRO030/3,ลมจับโปง
WRO031/2,ธาตุพิการ
WRO032/1,ลมจับโปง
WRO033/1,หืดไอ
WRO034/3,ไข้
WRO035/1,ไข้
WRO036/3,ลมจับโปง
WRO037/2,หืดไอ
WRO038/3,ลมวิงเวียน
WRO039/2,ไข้
WRO040/2,ไข้
WRO041/2,ลมวิงเวียน
WRO042/2,ลมวิงเวียน
WRO043/1,หืดไอ
WRO044/3,ธาตุพิการ
WRO045/3,ลมวิงเวียน
WRO046/2,ลมวิงเวียน
WRO047/3,ไข้
WRO048/3,ลมวิงเวียน
WRO049/2,หืดไอ
WRO050/3,หืดไอ
WRO051/2,ลมจับโปง
WRO052/1,ธาตุพิการ
WRO053/3,ธาตุพิการ
WRO054/2,ไข้
WRO055/1,ธาตุพิการ
WRO056/1,หืดไอ
WRO057/1,หืดไอ
WRO058/1,ลมจับโปง
WRO059/1,ธาตุพิการ
WRO060/3,หืดไอ
WRO061/1,ลมวิงเวียน
WRO062/1,ลมวิงเวียน
WRO063/3,ลมจับโปง
WRO064/2,ลมจับโปง
WRO065/1,ลมจับโปง
WRO066/2,ลมจับโปง
WRO067/3,ลมวิงเวียน
WRO068/2,ลมจับโปง
WRO069/2,ไข้
WRO070/3,ธาตุพิการ
WRO071/3,ไข้
WRO072/1,ลมวิงเวียน
WRO073/3,ลมวิงเวียน
WRO074/3,หืดไอ
WRO075/2,ลมวิงเวียน
WRO076/3,ลมวิงเวียน
WRO077/2,ลมจับโปง
WRO078/3,ไข้
WRO079/1,ลมวิงเวียน
WRO080/1,ลมจับโปง
WRO081/1,ไข้
WRO082/1,ลมวิงเวียน
WRO083/3,ไข้
WRO084/1,ลมวิงเวียน
WRO085/1,ธาตุพิการ
WRO086/3,ลมวิงเวียน
WRO087/1,ลมวิงเวียน
WRO088/2,ธาตุพิการ
WRO089/2,หืดไอ
WRO090/1,ธาตุพิการ
WRO091/2,ลมจับโปง
WRO092/3,ไข้
WRO093/1,ลมวิงเวียน
WRO094/3,ลมวิงเวียน
WRO095/2,ลมวิงเวียน
WRO096/2,ไข้
WRO097/3,ไข้
WRO098/1,ไข้
WRO099/1,ลมวิงเวียน
WRO100/1,ไข้
WRO101/2,ไข้
WRO102/2,ลมจับโปง
WRO103/1,ลมวิงเวียน
WRO104/1,หืดไอ
WRO105/3,ลมจับโปง
WRO106/2,ไข้
WRO107/2,ไข้
WRO108/3,ลมจับโปง
WRO109/3,ไข้
WRO110/2,ลมวิงเวียน
WRO111/2,ธาตุพิการ
WRO112/2,หืดไอ
WRO113/2,ไข้
WRO114/3,ลมจับโปง
WRO115/2,ไข้
WRO116/3,ลมจับโปง
WRO117/1,หืดไอ
WRO118/3,ลมจับโปง
WRO119/2,ลมวิงเวียน
WRO120/1,หืดไอ
