รหัสตำรับ,ชื่อตำรับ,ชื่อสมุนไพร,ชื่อวิทยาศาสตร์,ปริมาณ
NR001/2,แก้ลมหน้ามืด,กระวาน,Amomum testaceum Ridl.,6 ส่วน
NR001/2,แก้ลมหน้ามืด,ดอกจันทน์,Myristica fragrans Houtt. (aril),3 ส่วน
NR001/2,แก้ลมหน้ามืด,ลูกจันทน์,Myristica fragrans Houtt. (seed),8 ส่วน
NR001/2,แก้ลมหน้ามืด,ชะเอมเทศ,Glycyrrhiza glabra L.,7 ส่วน
NR001/2,แก้ลมหน้ามืด,ขมิ้นชัน,Curcuma longa L.,1 ส่วน
NR001/2,แก้ลมหน้ามืด,การบูร,Cinnamomum camphora (L.) J.Presl,2 ส่วน
NR001/2,แก้ลมหน้ามืด,พริกไทย,Piper nigrum L.,6 ส่วน
NR002/2,แก้ไข้ปวดศีรษะ,ขิงแห้ง,,3 ส่วน
NR002/2,แก้ไข้ปวดศีรษะ,ดีปลี,Piper retrofractum Vahl,4 ส่วน
NR002/2,แก้ไข้ปวดศีรษะ,บอระเพ็ด,Tinospora crispa (L.) Hook.f. & Thomson,4 ส่วน
NR002/2,แก้ไข้ปวดศีรษะ,กระวาน,Amomum testaceum Ridl.,1 ส่วน
NR002/2,แก้ไข้ปวดศีรษะ,ไพล,Zingiber montanum (J.Koenig) Link ex A.Dietr.,8 ส่วน
NR003/3,แก้ไอไอ,ชะเอมเทศ,Glycyrrhiza glabra L.,6 ส่วน
NR003/3,แก้ไอไอ,ฟ้าทะลายโจร,Andrographis paniculata (Burm.f.) Nees,4 ส่วน
NR003/3,แก้ไอไอ,เจตมูลเพลิงแดง,Plumbago indica L.,4 ส่วน
NR003/3,แก้ไอไอ,เทียนดำ,Nigella sativa L.,4 ส่วน
NR004/1,แก้ไข้ตัวร้อน,ขิง,Zingiber officinale Roscoe,8 ส่วน
NR004/1,แก้ไข้ตัวร้อน,ดีปลี,Piper retrofractum Vahl,3 ส่วน
NR004/1,แก้ไข้ตัวร้อน,ฟ้าทะลายโจร,Andrographis paniculata (Burm.f.) Nees,8 ส่วน
NR004/1,แก้ไข้ตัวร้อน,มะขามป้อม,Phyllanthus emblica L.,6 ส่วน
NR004/1,แก้ไข้ตัวร้อน,พริกล่อน,,1 ส่วน
NR004/1,แก้ไข้ตัวร้อน,กานพลู,Syzygium aromaticum (L.) Merr. & L.M.Perry,1 ส่วน
NR005/3,แก้ไข้ตัวร้อน,ขิง,Zingiber officinale Roscoe,6 ส่วน
NR005/3,แก้ไข้ตัวร้อน,ดีปลี,Piper retrofractum Vahl,8 ส่วน
NR005/3,แก้ไข้ตัวร้อน,บอระเพ็ด,Tinospora crispa (L.) Hook.f. & Thomson,7 ส่วน
NR005/3,แก้ไข้ตัวร้อน,กะเพรา,Ocimum tenuiflorum L.,3 ส่วน
NR005/3,แก้ไข้ตัวร้อน,สมอไทย,Terminalia chebula Retz.,1 ส่วน
NR006/1,แก้ไอเจ็บคอ,ชะเอมเทศ,Glycyrrhiza glabra L.,7 ส่วน
NR006/1,แก้ไอเจ็บคอ,โกฐเขมา,Atractylodes lancea (Thunb.) DC.,6 ส่วน
NR006/1,แก้ไอเจ็บคอ,กานพลู,Syzygium aromaticum (L.) Merr. & L.M.Perry,7 ส่วน
NR006/1,แก้ไอเจ็บคอ,อบเชย,Cinnamomum verum J.Presl,4 ส่วน
NR007/1,แก้ท้องอืดคลื่นไส้,กานพลู,Syzygium aromaticum (L.) Merr. & L.M.Perry,2 ส่วน
NR007/1,แก้ท้องอืดคลื่นไส้,ดอกจันทน์,Myristica fragrans Houtt. (aril),2 ส่วน
NR007/1,แก้ท้องอืดคลื่นไส้,การบูร,Cinnamomum camphora (L.) J.Presl,5 ส่วน
NR007/1,แก้ท้องอืดคลื่นไส้,พริกล่อน,,5 ส่วน
NR008/2,แก้ท้องอืดจุกเสียด,สมอไท,,2 ส่วน
NR008/2,แก้ท้องอืดจุกเสียด,สมอพิเภก,Terminalia bellirica (Gaertn.) Roxb.,4 ส่วน
NR008/2,แก้ท้องอืดจุกเสียด,ผลมะขามป้อม,,8 ส่วน
NR008/2,แก้ท้องอืดจุกเสียด,กานพลู,Syzygium aromaticum (L.) Merr. & L.M.Perry,1 ส่วน
NR008/2,แก้ท้องอืดจุกเสียด,ดอกจันทน์,Myristica fragrans Houtt. (aril),6 ส่วน
NR008/2,แก้ท้องอืดจุกเสียด,โกฐเขมา,Atractylodes lancea (Thunb.) DC.,7 ส่วน
NR009/1,แก้ลมเวียนหัว,หว้านน้ำ,,4 ส่วน
NR009/1,แก้ลมเวียนหัว,ดีปลี,Piper retrofractum Vahl,1 ส่วน
NR009/1,แก้ลมเวียนหัว,สมอไท,,3 ส่วน
NR009/1,แก้ลมเวียนหัว,ดอกจันทน์,Myristica fragrans Houtt. (aril),7 ส่วน
NR009/1,แก้ลมเวียนหัว,กานพลู,Syzygium aromaticum (L.) Merr. & L.M.Perry,1 ส่วน
NR010/2,แก้ท้องอืดจุกเสียด,กานพลู,Syzygium aromaticum (L.) Merr. & L.M.Perry,7 ส่วน
NR010/2,แก้ท้องอืดจุกเสียด,ดอกจันทน์,Myristica fragrans Houtt. (aril),3 ส่วน
NR010/2,แก้ท้องอืดจุกเสียด,มะขามป้อม,Phyllanthus emblica L.,1 ส่วน
NR010/2,แก้ท้องอืดจุกเสียด,ขมิ้นชัน,Curcuma longa L.,4 ส่วน
NR010/2,แก้ท้องอืดจุกเสียด,หว้านน้ำ,,3 ส่วน
NR011/1,แก้ลมอ่อนเพลีย,กระเทียม,Allium sativum L.,2 ส่วน
NR011/1,แก้ลมอ่อนเพลีย,ขมิ้นชัน,Curcuma longa L.,5 ส่วน
NR011/1,แก้ลมอ่อนเพลีย,โกฐเขมา,Atractylodes lancea (Thunb.) DC.,4 ส่วน
NR011/1,แก้ลมอ่อนเพลีย,พริกไทย,Piper nigrum L.,4 ส่วน
NR011/1,แก้ลมอ่อนเพลีย,เจตมูลเพลิง,,8 ส่วน
NR012/1,แก้ไอไอ,ผลมะขามป้อม,,4 ส่วน
NR012/1,แก้ไอไอ,เทียนดำ,Nigella sativa L.,8 ส่วน
NR012/1,แก้ไอไอ,พริกไทย,Piper nigrum L.,8 ส่วน
NR012/1,แก้ไอไอ,ขมิ้นชัน,Curcuma longa L.,7 ส่วน
NR012/1,แก้ไอไอ,กระวาน,Amomum testaceum Ridl.,1 ส่วน
NR013/2,แก้ไอเจ็บคอ,ชะเอมเทศ,Glycyrrhiza glabra L.,7 ส่วน
NR013/2,แก้ไอเจ็บคอ,มะขามป้อม,Phyllanthus emblica L.,4 ส่วน
NR013/2,แก้ไอเจ็บคอ,พริกไทย,Piper nigrum L.,6 ส่วน
NR013/2,แก้ไอเจ็บคอ,ลูกจันทน์,Myristica fragrans Houtt. (seed),1 ส่วน
NR013/2,แก้ไอเจ็บคอ,กระวาน,Amomum testaceum Ridl.,8 ส่วน
NR013/2,แก้ไอเจ็บคอ,ดอกจันทน์,Myristica fragrans Houtt. (aril),5 ส่วน
NR014/2,แก้ไอมีเสมหะ,ขิง,Zingiber officinale Roscoe,8 ส่วน
NR014/2,แก้ไอมีเสมหะ,ดีปลี,Piper retrofractum Vahl,8 ส่วน
NR014/2,แก้ไอมีเสมหะ,พริกล่อน,,8 ส่วน
NR014/2,แก้ไอมีเสมหะ,โกฐสอ,Angelica dahurica (Hoffm.) Benth. & Hook.f. ex Franch. & Sav.,8 ส่วน
NR015/1,แก้ไข้หนาวสั่น,ฟ้าทะลายโจร,Andrographis paniculata (Burm.f.) Nees,4 ส่วน
NR015/1,แก้ไข้หนาวสั่น,ขิงแห้ง,,5 ส่วน
NR015/1,แก้ไข้หนาวสั่น,แห้วหมู,Cyperus rotundus L.,1 ส่วน
NR015/1,แก้ไข้หนาวสั่น,กระเทียม,Allium sativum L.,1 ส่วน
NR015/1,แก้ไข้หนาวสั่น,สมอไท,,2 ส่วน
NR015/1,แก้ไข้หนาวสั่น,อบเชย,Cinnamomum verum J.Presl,5 ส่วน
NR016/1,แก้ลมอ่อนเพลีย,หว้านน้ำ,,3 ส่วน
NR016/1,แก้ลมอ่อนเพลีย,ดีปลี,Piper retrofractum Vahl,8 ส่วน
NR016/1,แก้ลมอ่อนเพลีย,การบูร,Cinnamomum camphora (L.) J.Presl,1 ส่วน
NR016/1,แก้ลมอ่อนเพลีย,มะขามป้อม,Phyllanthus emblica L.,7 ส่วน
NR016/1,แก้ลมอ่อนเพลีย,โกฐเขมา,Atractylodes lancea (Thunb.) DC.,6 ส่วน
NR017/1,แก้ลมหน้ามืด,ว่านน้ำ,Acorus calamus L.,2 ส่วน
NR017/1,แก้ลมหน้ามืด,ดีปลี,Piper retrofractum Vahl,1 ส่วน
NR017/1,แก้ลมหน้ามืด,สมอพิเภก,Terminalia bellirica (Gaertn.) Roxb.,4 ส่วน
NR017/1,แก้ลมหน้ามืด,สมอไท,,7 ส่วน
NR017/1,แก้ลมหน้ามืด,ขมิ้นชัน,Curcuma longa L.,5 ส่วน
NR017/1,แก้ลมหน้ามืด,ฟ้าทะลายโจร,Andrographis paniculata (Burm.f.) Nees,7 ส่วน
NR018/3,แก้ไอเจ็บคอ,ขิง,Zingiber officinale Roscoe,7 ส่วน
NR018/3,แก้ไอเจ็บคอ,ดีปลี,Piper retrofractum Vahl,3 ส่วน
NR018/3,แก้ไอเจ็บคอ,พริกไทย,Piper nigrum L.,2 ส่วน
NR018/3,แก้ไอเจ็บคอ,มะขามป้อม,Phyllanthus emblica L.,7 ส่วน
NR019/2,แก้ท้องอืดคลื่นไส้,กานพลู,Syzygium aromaticum (L.) Merr. & L.M.Perry,3 ส่วน
NR019/2,แก้ท้องอืดคลื่นไส้,ดอกจันทน์,Myristica fragrans Houtt. (aril),7 ส่วน
NR019/2,แก้ท้องอืดคลื่นไส้,รากไคร้เครือ,,7 ส่วน
NR019/2,แก้ท้องอืดคลื่นไส้,มะขามป้อม,Phyllanthus emblica L.,6 ส่วน
NR020/1,แก้ไอไอ,ผลมะขามป้อม,,2 ส่วน
NR020/1,แก้ไอไอ,เทียนดำ,Nigella sativa L.,7 ส่วน
NR020/1,แก้ไอไอ,ขมิ้นชัน,Curcuma longa L.,8 ส่วน
NR020/1,แก้ไอไอ,กานพลู,Syzygium aromaticum (L.) Merr. & L.M.Perry,4 ส่วน
NR021/2,แก้ลมหน้ามืด,ว่านน้ำ,Acorus calamus L.,6 ส่วน
NR021/2,แก้ลมหน้ามืด,ดีปลี,Piper retrofractum Vahl,2 ส่วน
NR021/2,แก้ลมหน้ามืด,เจตมูลเพลิง,,3 ส่วน
NR021/2,แก้ลมหน้ามืด,บอระเพ็ด,Tinospora crispa (L.) Hook.f. & Thomson,1 ส่วน
NR021/2,แก้ลมหน้ามืด,ไคร้เครือ,Aristolochia pierrei Lecomte,2 ส่วน
NR022/2,แก้ไข้,ฟ้าทะลายโจร,Andrographis paniculata (Burm.f.) Nees,4 ส่วน
NR022/2,แก้ไข้,รากไคร้เครือ,,5 ส่วน
NR022/2,แก้ไข้,ขมิ้นชัน,Curcuma longa L.,5 ส่วน
NR022/2,แก้ไข้,กระวาน,Amomum testaceum Ridl.,5 ส่วน
NR022/2,แก้ไข้,สมอพิเภก,Terminalia bellirica (Gaertn.) Roxb.,6 ส่วน
NR022/2,แก้ไข้,ว่านน้ำ,Acorus calamus L.,1 ส่วน
NR023/2,แก้ไอไอ,ขิงแห้ง,,8 ส่วน
NR023/2,แก้ไอไอ,ดีปลี,Piper retrofractum Vahl,8 ส่วน
NR023/2,แก้ไอไอ,พริกล่อน,,1 ส่วน
NR023/2,แก้ไอไอ,ชะเอมเทศ,Glycyrrhiza glabra L.,1 ส่วน
NR023/2,แก้ไอไอ,มะขามป้อม,Phyllanthus emblica L.,7 ส่วน
NR023/2,แก้ไอไอ,หว้านน้ำ,,1 ส่วน
NR023/2,แก้ไอไอ,ตะไคร้,Cymbopogon citratus (DC.) Stapf,2 ส่วน
NR024/3,แก้ไข้ตัวร้อน,ลูกจันทน์,Myristica fragrans Houtt. (seed),3 ส่วน
NR024/3,แก้ไข้ตัวร้อน,ว่านน้ำ,Acorus calamus L.,8 ส่วน
NR024/3,แก้ไข้ตัวร้อน,เกลือสินเธาว์,Sodium chloride (rock salt),6 ส่วน
NR024/3,แก้ไข้ตัวร้อน,กะเพรา,Ocimum tenuiflorum L.,3 ส่วน
NR024/3,แก้ไข้ตัวร้อน,ไคร้เครือ,Aristolochia pierrei Lecomte,5 ส่วน
NR025/1,แก้ท้องอืดจุกเสียด,ว่านน้ำ,Acorus calamus L.,2 ส่วน
NR025/1,แก้ท้องอืดจุกเสียด,ขมิ้นชัน,Curcuma longa L.,3 ส่วน
NR025/1,แก้ท้องอืดจุกเสียด,เกลือสินเธาว์,Sodium chloride (rock salt),2 ส่วน
NR025/1,แก้ท้องอืดจุกเสียด,สมอพิเภก,Terminalia bellirica (Gaertn.) Roxb.,4 ส่วน
NR026/1,แก้ท้องอืดคลื่นไส้,สมอไท,,8 ส่วน
NR026/1,แก้ท้องอืดคลื่นไส้,สมอพิเภก,Terminalia bellirica (Gaertn.) Roxb.,1 ส่วน
NR026/1,แก้ท้องอืดคลื่นไส้,ผลมะขามป้อม,,1 ส่วน
NR027/2,แก้ลมอ่อนเพลีย,บอระเพ็ด,Tinospora crispa (L.) Hook.f. & Thomson,7 ส่วน
NR027/2,แก้ลมอ่อนเพลีย,ไคร้เครือ,Aristolochia pierrei Lecomte,1 ส่วน
NR027/2,แก้ลมอ่อนเพลีย,กระเทียม,Allium sativum L.,7 ส่วน
NR027/2,แก้ลมอ่อนเพลีย,สมอไทย,Terminalia chebula Retz.,3 ส่วน
NR027/2,แก้ลมอ่อนเพลีย,มะกรูด,Citrus hystrix DC.,6 ส่วน
NR027/2,แก้ลมอ่อนเพลีย,ลูกจันทน์,Myristica fragrans Houtt. (seed),1 ส่วน
NR028/2,แก้ไข้หนาวสั่น,ขิงแห้ง,,1 ส่วน
NR028/2,แก้ไข้หนาวสั่น,ดีปลี,Piper retrofractum Vahl,6 ส่วน
NR028/2,แก้ไข้หนาวสั่น,สมอพิเภก,Terminalia bellirica (Gaertn.) Roxb.,6 ส่วน
NR029/2,แก้ไอมีเสมหะ,มะขามป้อม,Phyllanthus emblica L.,7 ส่วน
NR029/2,แก้ไอมีเสมหะ,ขิง,Zingiber officinale Roscoe,4 ส่วน
NR029/2,แก้ไอมีเสมหะ,ไพล,Zingiber montanum (J.Koenig) Link ex A.Dietr.,7 ส่วน
NR029/2,แก้ไอมีเสมหะ,ไคร้เครือ,Aristolochia pierrei Lecomte,3 ส่วน
NR029/2,แก้ไอมีเสมหะ,บอระเพ็ด,Tinospora crispa (L.) Hook.f. & Thomson,3 ส่วน
NR030/2,แก้ไข้หนาวสั่น,ไพล,Zingiber montanum (J.Koenig) Link ex A.Dietr.,6 ส่วน
NR030/2,แก้ไข้หนาวสั่น,แห้วหมู,Cyperus rotundus L.,4 ส่วน
NR030/2,แก้ไข้หนาวสั่น,อบเชย,Cinnamomum verum J.Presl,8 ส่วน
NR030/2,แก้ไข้หนาวสั่น,การบูร,Cinnamomum camphora (L.) J.Presl,2 ส่วน
NR030/2,แก้ไข้หนาวสั่น,มะขามป้อม,Phyllanthus emblica L.,6 ส่วน
NR031/1,แก้ไข้ปวดศีรษะ,ฟ้าทะลายโจร,Andrographis paniculata (Burm.f.) Nees,1 ส่วน
NR031/1,แก้ไข้ปวดศีรษะ,มะกรูด,Citrus hystrix DC.,8 ส่วน
NR031/1,แก้ไข้ปวดศีรษะ,ดีปลี,Piper retrofractum Vahl,3 ส่วน
NR031/1,แก้ไข้ปวดศีรษะ,อบเชย,Cinnamomum verum J.Presl,2 ส่วน
NR031/1,แก้ไข้ปวดศีรษะ,เกลือสินเธาว์,Sodium chloride (rock salt),3 ส่วน
NR031/1,แก้ไข้ปวดศีรษะ,เทียนดำ,Nigella sativa L.,1 ส่วน
NR032/1,แก้ไข้ตัวร้อน,ขิงแห้ง,,7 ส่วน
NR032/1,แก้ไข้ตัวร้อน,ดีปลี,Piper retrofractum Vahl,8 ส่วน
NR032/1,แก้ไข้ตัวร้อน,บอระเพ็ด,Tinospora crispa (L.) Hook.f. & Thomson,2 ส่วน
NR032/1,แก้ไข้ตัวร้อน,มหาหิงคุ์,Ferula assa-foetida L.,1 ส่วน
NR033/3,แก้ไอแน่นหน้าอก,ขิงแห้ง,,3 ส่วน
NR033/3,แก้ไอแน่นหน้าอก,ดีปลี,Piper retrofractum Vahl,8 ส่วน
NR033/3,แก้ไอแน่นหน้าอก,พริกล่อน,,8 ส่วน
NR033/3,แก้ไอแน่นหน้าอก,ชะเอมเทศ,Glycyrrhiza glabra L.,3 ส่วน
NR033/3,แก้ไอแน่นหน้าอก,มะขามป้อม,Phyllanthus emblica L.,6 ส่วน
NR033/3,แก้ไอแน่นหน้าอก,ไคร้เครือ,Aristolochia pierrei Lecomte,3 ส่วน
NR034/1,แก้ท้องอืดเบื่ออาหาร,ขิง,Zingiber officinale Roscoe,1 ส่วน
NR034/1,แก้ท้องอืดเบื่ออาหาร,มะกรูด,Citrus hystrix DC.,6 ส่วน
NR034/1,แก้ท้องอืดเบื่ออาหาร,บอระเพ็ด,Tinospora crispa (L.) Hook.f. & Thomson,6 ส่วน
NR034/1,แก้ท้องอืดเบื่ออาหาร,พริกไทย,Piper nigrum L.,8 ส่วน
NR034/1,แก้ท้องอืดเบื่ออาหาร,การบูร,Cinnamomum camphora (L.) J.Presl,8 ส่วน
NR035/1,แก้ไข้ตัวร้อน,สมอไทย,Terminalia chebula Retz.,4 ส่วน
NR035/1,แก้ไข้ตัวร้อน,กระวาน,Amomum testaceum Ridl.,7 ส่วน
NR035/1,แก้ไข้ตัวร้อน,เกลือสินเธาว์,Sodium chloride (rock salt),7 ส่วน
NR035/1,แก้ไข้ตัวร้อน,ฟ้าทะลายโจร,Andrographis paniculata (Burm.f.) Nees,7 ส่วน
NR035/1,แก้ไข้ตัวร้อน,ขมิ้นชัน,Curcuma longa L.,4 ส่วน
NR036/2,แก้ไข้หนาวสั่น,ขิงแห้ง,,6 ส่วน
NR036/2,แก้ไข้หนาวสั่น,ดีปลี,Piper retrofractum Vahl,6 ส่วน
NR036/2,แก้ไข้หนาวสั่น,บอระเพ็ด,Tinospora crispa (L.) Hook.f. & Thomson,7 ส่วน
NR036/2,แก้ไข้หนาวสั่น,ชะเอมเทศ,Glycyrrhiza glabra L.,3 ส่วน
NR036/2,แก้ไข้หนาวสั่น,มหาหิงคุ์,Ferula assa-foetida L.,4 ส่วน
NR037/2,แก้ไอไอ,ขิง,Zingiber officinale Roscoe,7 ส่วน
NR037/2,แก้ไอไอ,ดีปลี,Piper retrofractum Vahl,2 ส่วน
NR037/2,แก้ไอไอ,พริกไทย,Piper nigrum L.,2 ส่วน
NR037/2,แก้ไอไอ,ชะเอมเทศ,Glycyrrhiza glabra L.,5 ส่วน
NR037/2,แก้ไอไอ,มะขามป้อม,Phyllanthus emblica L.,4 ส่วน
NR037/2,แก้ไอไอ,สมอพิเภก,Terminalia bellirica (Gaertn.) Roxb.,2 ส่วน
NR037/2,แก้ไอไอ,กระเทียม,Allium sativum L.,7 ส่วน
NR038/2,แก้ท้องอืดท้องอืด,สมอไท,,2 ส่วน
NR038/2,แก้ท้องอืดท้องอืด,สมอพิเภก,Terminalia bellirica (Gaertn.) Roxb.,6 ส่วน
NR038/2,แก้ท้องอืดท้องอืด,มะขามป้อม,Phyllanthus emblica L.,3 ส่วน
NR038/2,แก้ท้องอืดท้องอืด,กานพลู,Syzygium aromaticum (L.) Merr. & L.M.Perry,8 ส่วน
NR038/2,แก้ท้องอืดท้องอืด,ดอกจันทน์,Myristica fragrans Houtt. (aril),2 ส่วน
NR038/2,แก้ท้องอืดท้องอืด,ขิง,Zingiber officinale Roscoe,7 ส่วน
NR038/2,แก้ท้องอืดท้องอืด,มะกรูด,Citrus hystrix DC.,1 ส่วน
NR038/2,แก้ท้องอืดท้องอืด,โกฐเขมา,Atractylodes lancea (Thunb.) DC.,2 ส่วน
NR039/2,แก้ท้องอืดท้องร่วง,สมอไทย,Terminalia chebula Retz.,4 ส่วน
NR039/2,แก้ท้องอืดท้องร่วง,สมอพิเภก,Terminalia bellirica (Gaertn.) Roxb.,3 ส่วน
NR039/2,แก้ท้องอืดท้องร่วง,ผลมะขามป้อม,,6 ส่วน
NR039/2,แก้ท้องอืดท้องร่วง,ขิง,Zingiber officinale Roscoe,5 ส่วน
NR039/2,แก้ท้องอืดท้องร่วง,มะกรูด,Citrus hystrix DC.,8 ส่วน
NR039/2,แก้ท้องอืดท้องร่วง,แห้วหมู,Cyperus rotundus L.,2 ส่วน
NR040/3,แก้ท้องอืดเบื่ออาหาร,สมอไท,,7 ส่วน
NR040/3,แก้ท้องอืดเบื่ออาหาร,สมอพิเภก,Terminalia bellirica (Gaertn.) Roxb.,1 ส่วน
NR040/3,แก้ท้องอืดเบื่ออาหาร,มะขามป้อม,Phyllanthus emblica L.,3 ส่วน
NR040/3,แก้ท้องอืดเบื่ออาหาร,การบูร,Cinnamomum camphora (L.) J.Presl,4 ส่วน
NR040/3,แก้ท้องอืดเบื่ออาหาร,ชะเอมเทศ,Glycyrrhiza glabra L.,6 ส่วน
NR040/3,แก้ท้องอืดเบื่ออาหาร,อบเชย,Cinnamomum verum J.Presl,6 ส่วน
NR040/3,แก้ท้องอืดเบื่ออาหาร,ไคร้เครือ,Aristolochia pierrei Lecomte,5 ส่วน
NR041/1,แก้ไข้กระหายน้ำ,โกฐสอ,Angelica dahurica (Hoffm.) Benth. & Hook.f. ex Franch. & Sav.,6 ส่วน
NR041/1,แก้ไข้กระหายน้ำ,เกลือสินเธาว์,Sodium chloride (rock salt),1 ส่วน
NR041/1,แก้ไข้กระหายน้ำ,มะขามป้อม,Phyllanthus emblica L.,8 ส่วน
NR041/1,แก้ไข้กระหายน้ำ,ฟ้าทะลายโจร,Andrographis paniculata (Burm.f.) Nees,7 ส่วน
NR041/1,แก้ไข้กระหายน้ำ,การบูร,Cinnamomum camphora (L.) J.Presl,8 ส่วน
NR041/1,แก้ไข้กระหายน้ำ,สมอพิเภก,Terminalia bellirica (Gaertn.) Roxb.,5 ส่วน
NR042/2,แก้ไข้หนาวสั่น,ขิง,Zingiber officinale Roscoe,6 ส่วน
NR042/2,แก้ไข้หนาวสั่น,ดีปลี,Piper retrofractum Vahl,2 ส่วน
NR042/2,แก้ไข้หนาวสั่น,บอระเพ็ด,Tinospora crispa (L.) Hook.f. & Thomson,3 ส่วน
NR042/2,แก้ไข้หนาวสั่น,ไคร้เครือ,Aristolochia pierrei Lecomte,6 ส่วน
NR042/2,แก้ไข้หนาวสั่น,เทียนดำ,Nigella sativa L.,2 ส่วน
NR042/2,แก้ไข้หนาวสั่น,ว่านน้ำ,Acorus calamus L.,3 ส่วน
NR043/3,แก้ท้องอืดจุกเสียด,สมอไทย,Terminalia chebula Retz.,1 ส่วน
NR043/3,แก้ท้องอืดจุกเสียด,สมอพิเภก,Terminalia bellirica (Gaertn.) Roxb.,1 ส่วน
NR043/3,แก้ท้องอืดจุกเสียด,ผลมะขามป้อม,,1 ส่วน
NR043/3,แก้ท้องอืดจุกเสียด,กานพลู,Syzygium aromaticum (L.) Merr. & L.M.Perry,8 ส่วน
NR043/3,แก้ท้องอืดจุกเสียด,ดอกจันทน์,Myristica fragrans Houtt. (aril),1 ส่วน
NR043/3,แก้ท้องอืดจุกเสียด,ขิง,Zingiber officinale Roscoe,4 ส่วน
NR043/3,แก้ท้องอืดจุกเสียด,มะกรูด,Citrus hystrix DC.,4 ส่วน
NR044/2,แก้ไอเจ็บคอ,ชะเอมเทศ,Glycyrrhiza glabra L.,8 ส่วน
NR044/2,แก้ไอเจ็บคอ,การบูร,Cinnamomum camphora (L.) J.Presl,6 ส่วน
NR044/2,แก้ไอเจ็บคอ,เจตมูลเพลิงแดง,Plumbago indica L.,7 ส่วน
NR044/2,แก้ไอเจ็บคอ,ลูกจันทน์,Myristica fragrans Houtt. (seed),4 ส่วน
NR044/2,แก้ไอเจ็บคอ,บอระเพ็ด,Tinospora crispa (L.) Hook.f. & Thomson,3 ส่วน
NR045/2,แก้ไข้หนาวสั่น,ขิงแห้ง,,4 ส่วน
NR045/2,แก้ไข้หนาวสั่น,ดีปลี,Piper retrofractum Vahl,6 ส่วน
NR045/2,แก้ไข้หนาวสั่น,เจตมูลเพลิงแดง,Plumbago indica L.,2 ส่วน
NR045/2,แก้ไข้หนาวสั่น,กระเทียม,Allium sativum L.,7 ส่วน
NR046/1,แก้ไอแน่นหน้าอก,ขิง,Zingiber officinale Roscoe,2 ส่วน
NR046/1,แก้ไอแน่นหน้าอก,ดีปลี,Piper retrofractum Vahl,3 ส่วน
NR046/1,แก้ไอแน่นหน้าอก,พริกไทย,Piper nigrum L.,8 ส่วน
NR046/1,แก้ไอแน่นหน้าอก,ชะเอมเทศ,Glycyrrhiza glabra L.,6 ส่วน
NR046/1,แก้ไอแน่นหน้าอก,ผลมะขามป้อม,,1 ส่วน
NR047/2,แก้ลมอ่อนเพลีย,หว้านน้ำ,,8 ส่วน
NR047/2,แก้ลมอ่อนเพลีย,ดีปลี,Piper retrofractum Vahl,7 ส่วน
NR047/2,แก้ลมอ่อนเพลีย,อบเชย,Cinnamomum verum J.Presl,8 ส่วน
NR047/2,แก้ลมอ่อนเพลีย,ลูกจันทน์,Myristica fragrans Houtt. (seed),3 ส่วน
NR047/2,แก้ลมอ่อนเพลีย,ไคร้เครือ,Aristolochia pierrei Lecomte,2 ส่วน
NR048/2,แก้ลมหน้ามืด,ว่านน้ำ,Acorus calamus L.,7 ส่วน
NR048/2,แก้ลมหน้ามืด,ดีปลี,Piper retrofractum Vahl,6 ส่วน
NR048/2,แก้ลมหน้ามืด,การบูร,Cinnamomum camphora (L.) J.Presl,4 ส่วน
NR048/2,แก้ลมหน้ามืด,ลูกจันทน์,Myristica fragrans Houtt. (seed),8 ส่วน
NR048/2,แก้ลมหน้ามืด,ขมิ้นชัน,Curcuma longa L.,7 ส่วน
NR048/2,แก้ลมหน้ามืด,ฟ้าทะลายโจร,Andrographis paniculata (Burm.f.) Nees,5 ส่วน
NR049/3,แก้ท้องอืดท้องร่วง,สมอไทย,Terminalia chebula Retz.,8 ส่วน
NR049/3,แก้ท้องอืดท้องร่วง,สมอพิเภก,Terminalia bellirica (Gaertn.) Roxb.,1 ส่วน
NR049/3,แก้ท้องอืดท้องร่วง,มะขามป้อม,Phyllanthus emblica L.,8 ส่วน
NR049/3,แก้ท้องอืดท้องร่วง,กานพลู,Syzygium aromaticum (L.) Merr. & L.M.Perry,2 ส่วน
NR049/3,แก้ท้องอืดท้องร่วง,ดอกจันทน์,Myristica fragrans Houtt. (aril),1 ส่วน
NR050/1,แก้ท้องอืดจุกเสียด,สมอไทย,Terminalia chebula Retz.,3 ส่วน
NR050/1,แก้ท้องอืดจุกเสียด,สมอพิเภก,Terminalia bellirica (Gaertn.) Roxb.,8 ส่วน
NR050/1,แก้ท้องอืดจุกเสียด,มะขามป้อม,Phyllanthus emblica L.,1 ส่วน
NR050/1,แก้ท้องอืดจุกเสียด,มหาหิงคุ์,Ferula assa-foetida L.,1 ส่วน
NR050/1,แก้ท้องอืดจุกเสียด,แห้วหมู,Cyperus rotundus L.,2 ส่วน
NR050/1,แก้ท้องอืดจุกเสียด,กะเพรา,Ocimum tenuiflorum L.,3 ส่วน
NR051/3,แก้ลมเวียนหัว,การบูร,Cinnamomum camphora (L.) J.Presl,8 ส่วน
NR051/3,แก้ลมเวียนหัว,เจตมูลเพลิงแดง,Plumbago indica L.,8 ส่วน
NR051/3,แก้ลมเวียนหัว,มหาหิงคุ์,Ferula assa-foetida L.,7 ส่วน
NR051/3,แก้ลมเวียนหัว,ดีปลี,Piper retrofractum Vahl,6 ส่วน
NR052/1,แก้ไอไอ,ฟ้าทะลายโจร,Andrographis paniculata (Burm.f.) Nees,3 ส่วน
NR052/1,แก้ไอไอ,สมอไท,,8 ส่วน
NR052/1,แก้ไอไอ,บอระเพ็ด,Tinospora crispa (L.) Hook.f. & Thomson,7 ส่วน
NR052/1,แก้ไอไอ,โกฐเขมา,Atractylodes lancea (Thunb.) DC.,8 ส่วน
NR052/1,แก้ไอไอ,เจตมูลเพลิงแดง,Plumbago indica L.,5 ส่วน
NR053/2,แก้ลมอ่อนเพลีย,ว่านน้ำ,Acorus calamus L.,3 ส่วน
NR053/2,แก้ลมอ่อนเพลีย,ดีปลี,Piper retrofractum Vahl,8 ส่วน
NR053/2,แก้ลมอ่อนเพลีย,การบูร,Cinnamomum camphora (L.) J.Presl,5 ส่วน
NR053/2,แก้ลมอ่อนเพลีย,สมอไทย,Terminalia chebula Retz.,3 ส่วน
NR053/2,แก้ลมอ่อนเพลีย,ไคร้เครือ,Aristolochia pierrei Lecomte,5 ส่วน
NR054/3,แก้ไข้ตัวร้อน,ขิง,Zingiber officinale Roscoe,2 ส่วน
NR054/3,แก้ไข้ตัวร้อน,ดีปลี,Piper retrofractum Vahl,8 ส่วน
NR054/3,แก้ไข้ตัวร้อน,ฟ้าทะลายโจร,Andrographis paniculata (Burm.f.) Nees,3 ส่วน
NR054/3,แก้ไข้ตัวร้อน,ไคร้เครือ,Aristolochia pierrei Lecomte,1 ส่วน
NR055/3,แก้ท้องอืดท้องร่วง,สมอไทย,Terminalia chebula Retz.,5 ส่วน
NR055/3,แก้ท้องอืดท้องร่วง,สมอพิเภก,Terminalia bellirica (Gaertn.) Roxb.,6 ส่วน
NR055/3,แก้ท้องอืดท้องร่วง,ผลมะขามป้อม,,5 ส่วน
NR055/3,แก้ท้องอืดท้องร่วง,แห้วหมู,Cyperus rotundus L.,5 ส่วน
NR055/3,แก้ท้องอืดท้องร่วง,ลูกจันทน์,Myristica fragrans Houtt. (seed),8 ส่วน
NR055/3,แก้ท้องอืดท้องร่วง,ตะไคร้,Cymbopogon citratus (DC.) Stapf,6 ส่วน
NR055/3,แก้ท้องอืดท้องร่วง,โกฐสอ,Angelica dahurica (Hoffm.) Benth. & Hook.f. ex Franch. & Sav.,8 ส่วน
NR056/1,แก้ไข้หนาวสั่น,บอระเพ็ด,Tinospora crispa (L.) Hook.f. & Thomson,7 ส่วน
NR056/1,แก้ไข้หนาวสั่น,รากไคร้เครือ,,5 ส่วน
NR056/1,แก้ไข้หนาวสั่น,โกฐสอ,Angelica dahurica (Hoffm.) Benth. & Hook.f. ex Franch. & Sav.,7 ส่วน
NR057/2,แก้ลมเวียนหัว,ลูกจันทน์,Myristica fragrans Houtt. (seed),6 ส่วน
NR057/2,แก้ลมเวียนหัว,ดอกจันทน์,Myristica fragrans Houtt. (aril),7 ส่วน
NR057/2,แก้ลมเวียนหัว,แห้วหมู,Cyperus rotundus L.,8 ส่วน
NR058/3,แก้ไข้ปวดศีรษะ,ขิง,Zingiber officinale Roscoe,4 ส่วน
NR058/3,แก้ไข้ปวดศีรษะ,ดีปลี,Piper retrofractum Vahl,2 ส่วน
NR058/3,แก้ไข้ปวดศีรษะ,ฟ้าทะลายโจร,Andrographis paniculata (Burm.f.) Nees,1 ส่วน
NR058/3,แก้ไข้ปวดศีรษะ,แห้วหมู,Cyperus rotundus L.,2 ส่วน
NR059/3,แก้ไอแน่นหน้าอก,ชะเอมเทศ,Glycyrrhiza glabra L.,4 ส่วน
NR059/3,แก้ไอแน่นหน้าอก,รากไคร้เครือ,,4 ส่วน
NR059/3,แก้ไอแน่นหน้าอก,มะกรูด,Citrus hystrix DC.,8 ส่วน
NR060/3,แก้ไข้ปวดศีรษะ,ขิงแห้ง,,8 ส่วน
NR060/3,แก้ไข้ปวดศีรษะ,ดีปลี,Piper retrofractum Vahl,7 ส่วน
NR060/3,แก้ไข้ปวดศีรษะ,บอระเพ็ด,Tinospora crispa (L.) Hook.f. & Thomson,7 ส่วน
NR060/3,แก้ไข้ปวดศีรษะ,โกฐเขมา,Atractylodes lancea (Thunb.) DC.,5 ส่วน
NR060/3,แก้ไข้ปวดศีรษะ,ตะไคร้,Cymbopogon citratus (DC.) Stapf,8 ส่วน
NR060/3,แก้ไข้ปวดศีรษะ,รากไคร้เครือ,,2 ส่วน
NR061/2,แก้ไข้หนาวสั่น,ขิง,Zingiber officinale Roscoe,3 ส่วน
NR061/2,แก้ไข้หนาวสั่น,ดีปลี,Piper retrofractum Vahl,7 ส่วน
NR061/2,แก้ไข้หนาวสั่น,ตะไคร้,Cymbopogon citratus (DC.) Stapf,5 ส่วน
NR061/2,แก้ไข้หนาวสั่น,มะกรูด,Citrus hystrix DC.,6 ส่วน
NR062/2,แก้ไข้ปวดศีรษะ,บอระเพ็ด,Tinospora crispa (L.) Hook.f. & Thomson,5 ส่วน
NR062/2,แก้ไข้ปวดศีรษะ,อบเชย,Cinnamomum verum J.Presl,3 ส่วน
NR062/2,แก้ไข้ปวดศีรษะ,ตะไคร้,Cymbopogon citratus (DC.) Stapf,5 ส่วน
NR062/2,แก้ไข้ปวดศีรษะ,สมอพิเภก,Terminalia bellirica (Gaertn.) Roxb.,1 ส่วน
NR063/2,แก้ท้องอืดจุกเสียด,มะกรูด,Citrus hystrix DC.,7 ส่วน
NR063/2,แก้ท้องอืดจุกเสียด,กระวาน,Amomum testaceum Ridl.,3 ส่วน
NR063/2,แก้ท้องอืดจุกเสียด,มะขามป้อม,Phyllanthus emblica L.,6 ส่วน
NR064/3,แก้ท้องอืดจุกเสียด,เจตมูลเพลิง,,8 ส่วน
NR064/3,แก้ท้องอืดจุกเสียด,มะกรูด,Citrus hystrix DC.,1 ส่วน
NR064/3,แก้ท้องอืดจุกเสียด,ดอกจันทน์,Myristica fragrans Houtt. (aril),1 ส่วน
NR065/2,แก้ไข้ตัวร้อน,ขิง,Zingiber officinale Roscoe,1 ส่วน
NR065/2,แก้ไข้ตัวร้อน,ดีปลี,Piper retrofractum Vahl,5 ส่วน
NR065/2,แก้ไข้ตัวร้อน,บอระเพ็ด,Tinospora crispa (L.) Hook.f. & Thomson,7 ส่วน
NR065/2,แก้ไข้ตัวร้อน,แห้วหมู,Cyperus rotundus L.,6 ส่วน
NR066/1,แก้ไอไอ,รากไคร้เครือ,,1 ส่วน
NR066/1,แก้ไอไอ,ลูกจันทน์,Myristica fragrans Houtt. (seed),7 ส่วน
NR066/1,แก้ไอไอ,เทียนดำ,Nigella sativa L.,5 ส่วน
NR066/1,แก้ไอไอ,ตะไคร้,Cymbopogon citratus (DC.) Stapf,1 ส่วน
NR067/1,แก้ไข้ตัวร้อน,ขิง,Zingiber officinale Roscoe,2 ส่วน
NR067/1,แก้ไข้ตัวร้อน,ดีปลี,Piper retrofractum Vahl,2 ส่วน
NR067/1,แก้ไข้ตัวร้อน,ฟ้าทะลายโจร,Andrographis paniculata (Burm.f.) Nees,1 ส่วน
NR067/1,แก้ไข้ตัวร้อน,เทียนดำ,Nigella sativa L.,5 ส่วน
NR068/3,แก้ไข้ตัวร้อน,ฟ้าทะลายโจร,Andrographis paniculata (Burm.f.) Nees,4 ส่วน
NR068/3,แก้ไข้ตัวร้อน,ขมิ้นชัน,Curcuma longa L.,2 ส่วน
NR068/3,แก้ไข้ตัวร้อน,บอระเพ็ด,Tinospora crispa (L.) Hook.f. & Thomson,2 ส่วน
NR068/3,แก้ไข้ตัวร้อน,มะกรูด,Citrus hystrix DC.,6 ส่วน
NR068/3,แก้ไข้ตัวร้อน,พริกล่อน,,5 ส่วน
NR068/3,แก้ไข้ตัวร้อน,เจตมูลเพลิง,,4 ส่วน
NR069/3,แก้ไอเจ็บคอ,ขิง,Zingiber officinale Roscoe,1 ส่วน
NR069/3,แก้ไอเจ็บคอ,ดีปลี,Piper retrofractum Vahl,6 ส่วน
NR069/3,แก้ไอเจ็บคอ,พริกล่อน,,6 ส่วน
NR069/3,แก้ไอเจ็บคอ,ชะเอมเทศ,Glycyrrhiza glabra L.,1 ส่วน
NR069/3,แก้ไอเจ็บคอ,เทียนดำ,Nigella sativa L.,4 ส่วน
NR069/3,แก้ไอเจ็บคอ,กะเพรา,Ocimum tenuiflorum L.,6 ส่วน
NR069/3,แก้ไอเจ็บคอ,อบเชย,Cinnamomum verum J.Presl,2 ส่วน
NR070/1,แก้ไข้ปวดศีรษะ,ขิงแห้ง,,3 ส่วน
NR070/1,แก้ไข้ปวดศีรษะ,ดีปลี,Piper retrofractum Vahl,8 ส่วน
NR070/1,แก้ไข้ปวดศีรษะ,ฟ้าทะลายโจร,Andrographis paniculata (Burm.f.) Nees,3 ส่วน
NR070/1,แก้ไข้ปวดศีรษะ,บอระเพ็ด,Tinospora crispa (L.) Hook.f. & Thomson,5 ส่วน
NR070/1,แก้ไข้ปวดศีรษะ,ลูกจันทน์,Myristica fragrans Houtt. (seed),7 ส่วน
NR070/1,แก้ไข้ปวดศีรษะ,เทียนดำ,Nigella sativa L.,4 ส่วน
NR070/1,แก้ไข้ปวดศีรษะ,พริกไทย,Piper nigrum L.,1 ส่วน
NR070/1,แก้ไข้ปวดศีรษะ,ดอกจันทน์,Myristica fragrans Houtt. (aril),2 ส่วน
NR071/1,แก้ท้องอืดเบื่ออาหาร,สมอไทย,Terminalia chebula Retz.,8 ส่วน
NR071/1,แก้ท้องอืดเบื่ออาหาร,สมอพิเภก,Terminalia bellirica (Gaertn.) Roxb.,5 ส่วน
NR071/1,แก้ท้องอืดเบื่ออาหาร,มะขามป้อม,Phyllanthus emblica L.,8 ส่วน
NR071/1,แก้ท้องอืดเบื่ออาหาร,กานพลู,Syzygium aromaticum (L.) Merr. & L.M.Perry,3 ส่วน
NR071/1,แก้ท้องอืดเบื่ออาหาร,ดอกจันทน์,Myristica fragrans Houtt. (aril),2 ส่วน
NR071/1,แก้ท้องอืดเบื่ออาหาร,ขิงแห้ง,,7 ส่วน
NR071/1,แก้ท้องอืดเบื่ออาหาร,มะกรูด,Citrus hystrix DC.,3 ส่วน
NR072/3,แก้ไข้หนาวสั่น,ขิงแห้ง,,3 ส่วน
NR072/3,แก้ไข้หนาวสั่น,ดีปลี,Piper retrofractum Vahl,5 ส่วน
NR072/3,แก้ไข้หนาวสั่น,ฟ้าทะลายโจร,Andrographis paniculata (Burm.f.) Nees,5 ส่วน
NR072/3,แก้ไข้หนาวสั่น,ตะไคร้,Cymbopogon citratus (DC.) Stapf,3 ส่วน
NR072/3,แก้ไข้หนาวสั่น,บอระเพ็ด,Tinospora crispa (L.) Hook.f. & Thomson,1 ส่วน
NR073/1,แก้ไข้ตัวร้อน,ขิง,Zingiber officinale Roscoe,8 ส่วน
NR073/1,แก้ไข้ตัวร้อน,ดีปลี,Piper retrofractum Vahl,5 ส่วน
NR073/1,แก้ไข้ตัวร้อน,ฟ้าทะลายโจร,Andrographis paniculata (Burm.f.) Nees,1 ส่วน
NR073/1,แก้ไข้ตัวร้อน,โกฐเขมา,Atractylodes lancea (Thunb.) DC.,1 ส่วน
NR074/3,แก้ไอเจ็บคอ,บอระเพ็ด,Tinospora crispa (L.) Hook.f. & Thomson,4 ส่วน
NR074/3,แก้ไอเจ็บคอ,กานพลู,Syzygium aromaticum (L.) Merr. & L.M.Perry,1 ส่วน
NR074/3,แก้ไอเจ็บคอ,ลูกจันทน์,Myristica fragrans Houtt. (seed),5 ส่วน
