รหัสตำรับ,ชื่อตำรับ,ข้อความต้นฉบับ,สรรพคุณ,วิธีทำ,กระสายยา,รูปแบบยา,วิธีใช้,ซ้ำกับ
NR001/3,[จำลอง] ยาแก้ธาตุพิการ,,[จำลอง] คลื่นไส้,[จำลอง] ทำเป็นยาต้ม,น้ำผึ้ง,ยาต้ม,[จำลอง],
NR002/2,[จำลอง] ยาแก้ไอ,,[จำลอง] เจ็บคอ แน่นหน้าอก มีเสมหะ,[จำลอง] ทำเป็นยาต้ม,น้ำมะนาว,ยาลูกกลอน,[จำลอง],
NR003/1,[จำลอง] ยาแก้ธาตุพิการ,,[จำลอง] ท้องร่วง,[จำลอง] ทำเป็นยาต้ม,น้ำมะนาว,ยาผง,[จำลอง],
NR004/3,[จำลอง] ยาแก้ปวดข้อ,,[จำลอง] ปวดเมื่อย,[จำลอง] ทำเป็นยาลูกกลอน,น้ำร้อน,ยาต้ม,[จำลอง],
NR005/3,[จำลอง] ยาแก้ปวดข้อ,,[จำลอง] ข้อบวม,[จำลอง] ทำเป็นยาลูกกลอน,น้ำร้อน,ยาผง,[จำลอง],
NR006/2,[จำลอง] ยาแก้ปวดข้อ,,[จำลอง] ข้อบวม ปวดเมื่อย ปวดข้อ,[จำลอง] ทำเป็นยาต้ม,น้ำร้อน,ยาต้ม,[จำลอง],
NR007/1,[จำลอง] ยาแก้ปวดข้อ,,[จำลอง] ปวดข้อ,[จำลอง] ทำเป็นยาลูกกลอน,น้ำมะนาว,ยาต้ม,[จำลอง],
NR008/2,[จำลอง] ยาแก้ธาตุพิการ,,[จำลอง] ท้องอืด,[จำลอง] ทำเป็นยาลูกกลอน,น้ำผึ้ง,ยาต้ม,[จำลอง],
NR009/3,[จำลอง] ยาแก้ธาตุพิการ,,[จำลอง] จุกเสียด ท้องร่วง,[จำลอง] ทำเป็นยาผง,น้ำผึ้ง,ยาต้ม,[จำลอง],
NR010/2,[จำลอง] ยาแก้ธาตุพิการ,,[จำลอง] ท้องอืด คลื่นไส้ จุกเสียด,[จำลอง] ทำเป็นยาผง,น้ำผึ้ง,ยาลูกกลอน,[จำลอง],
NR011/1,[จำลอง] ยาแก้ปวดข้อ,,[จำลอง] ข้อบวม,[จำลอง] ทำเป็นยาลูกกลอน,น้ำผึ้ง,ยาลูกกลอน,[จำลอง],
NR012/2,[จำลอง] ยาแก้ไข้,,[จำลอง] หนาวสั่น,[จำลอง] ทำเป็นยาลูกกลอน,น้ำมะนาว,ยาผง,[จำลอง],
NR013/1,[จำลอง] ยาแก้ไข้,,[จำลอง] ตัวร้อน ไข้ หนาวสั่น,[จำลอง] ทำเป็นยาผง,น้ำร้อน,ยาผง,[จำลอง],
NR014/2,[จำลอง] ยาแก้ธาตุพิการ,,[จำลอง] ท้องอืด คลื่นไส้ ท้องร่วง,[จำลอง] ทำเป็นยาผง,น้ำมะนาว,ยาลูกกลอน,[จำลอง],
NR015/3,[จำลอง] ยาแก้ธาตุพิการ,,[จำลอง] คลื่นไส้ ท้องอืด จุกเสียด,[จำลอง] ทำเป็นยาลูกกลอน,น้ำผึ้ง,ยาลูกกลอน,[จำลอง],
NR016/2,[จำลอง] ยาแก้ปวดข้อ,,[จำลอง] ปวดเมื่อย ปวดข้อ ข้อบวม,[จำลอง] ทำเป็นยาลูกกลอน,น้ำมะนาว,ยาลูกกลอน,[จำลอง],
NR017/1,[จำลอง] ยาแก้ลมวิงเวียน,,[จำลอง] อ่อนเพลีย หน้ามืด,[จำลอง] ทำเป็นยาผง,น้ำมะนาว,ยาผง,[จำลอง],
NR018/3,[จำลอง] ยาแก้ไข้,,[จำลอง] ไข้ ปวดศีรษะ คลื่นไส้,[จำลอง] ทำเป็นยาผง,น้ำมะนาว,ยาลูกกลอน,[จำลอง],
NR019/1,[จำลอง] ยาแก้ธาตุพิการ,,[จำลอง] คลื่นไส้ จุกเสียด ท้องอืด,[จำลอง] ทำเป็นยาลูกกลอน,น้ำร้อน,ยาต้ม,[จำลอง],
NR020/3,[จำลอง] ยาแก้ไข้,,[จำลอง] หนาวสั่น ไข้ ตัวร้อน,[จำลอง] ทำเป็นยาผง,น้ำมะนาว,ยาลูกกลอน,[จำลอง],
NR021/1,[จำลอง] ยาแก้ลมวิงเวียน,,[จำลอง] หน้ามืด อ่อนเพลีย เวียนหัว,[จำลอง] ทำเป็นยาต้ม,น้ำผึ้ง,ยาต้ม,[จำลอง],
NR022/3,[จำลอง] ยาแก้ไข้,,[จำลอง] ไข้ ตัวร้อน,[จำลอง] ทำเป็นยาผง,น้ำร้อน,ยาลูกกลอน,[จำลอง],
NR023/2,[จำลอง] ยาแก้ปวดข้อ,,[จำลอง] ข้อบวม เวียนหัว,[จำลอง] ทำเป็นยาผง,น้ำร้อน,ยาต้ม,[จำลอง],
NR024/1,[จำลอง] ยาแก้ไอ,,[จำลอง] แน่นหน้าอก เจ็บคอ,[จำลอง] ทำเป็นยาต้ม,น้ำมะนาว,ยาต้ม,[จำลอง],
NR025/2,[จำลอง] ยาแก้ลมวิงเวียน,,[จำลอง] อ่อนเพลีย หน้ามืด,[จำลอง] ทำเป็นยาต้ม,น้ำมะนาว,ยาผง,[จำลอง],
NR026/1,[จำลอง] ยาแก้ธาตุพิการ,,[จำลอง] คลื่นไส้ จุกเสียด,[จำลอง] ทำเป็นยาผง,น้ำผึ้ง,ยาต้ม,[จำลอง],
NR027/2,[จำลอง] ยาแก้ไข้,,[จำลอง] ปวดศีรษะ ตัวร้อน หนาวสั่น,[จำลอง] ทำเป็นยาผง,น้ำมะนาว,ยาผง,[จำลอง],
NR028/2,[จำลอง] ยาแก้ไข้,,[จำลอง] ตัวร้อน ปวดศีรษะ,[จำลอง] ทำเป็นยาลูกกลอน,น้ำผึ้ง,ยาลูกกลอน,[จำลอง],
NR029/1,[จำลอง] ยาแก้ไอ,,[จำลอง] เจ็บคอ,[จำลอง] ทำเป็นยาผง,น้ำมะนาว,ยาลูกกลอน,[จำลอง],
NR030/2,[จำลอง] ยาแก้ไอ,,[จำลอง] มีเสมหะ ไอ,[จำลอง] ทำเป็นยาผง,น้ำร้อน,ยาลูกกลอน,[จำลอง],
NR031/3,[จำลอง] ยาแก้ไอ,,[จำลอง] ไอ แน่นหน้าอก,[จำลอง] ทำเป็นยาผง,น้ำผึ้ง,ยาลูกกลอน,[จำลอง],
NR032/2,[จำลอง] ยาแก้ไข้,,[จำลอง] ไข้ ตัวร้อน,[จำลอง] ทำเป็นยาต้ม,น้ำผึ้ง,ยาผง,[จำลอง],
NR033/1,[จำลอง] ยาแก้ลมวิงเวียน,,[จำลอง] หน้ามืด,[จำลอง] ทำเป็นยาต้ม,น้ำร้อน,ยาลูกกลอน,[จำลอง],
NR034/3,[จำลอง] ยาแก้ลมวิงเวียน,,[จำลอง] เวียนหัว หน้ามืด,[จำลอง] ทำเป็นยาลูกกลอน,น้ำผึ้ง,ยาลูกกลอน,[จำลอง],
NR035/2,[จำลอง] ยาแก้ธาตุพิการ,,[จำลอง] ท้องร่วง คลื่นไส้ ท้องอืด,[จำลอง] ทำเป็นยาลูกกลอน,น้ำผึ้ง,ยาต้ม,[จำลอง],
NR036/2,[จำลอง] ยาแก้ไข้,,[จำลอง] หนาวสั่น ตัวร้อน ไข้,[จำลอง] ทำเป็นยาต้ม,น้ำผึ้ง,ยาผง,[จำลอง],
NR037/3,[จำลอง] ยาแก้ลมวิงเวียน,,[จำลอง] เวียนหัว หน้ามืด ปวดเมื่อย,[จำลอง] ทำเป็นยาต้ม,น้ำมะนาว,ยาผง,[จำลอง],
NR038/3,[จำลอง] ยาแก้ธาตุพิการ,,[จำลอง] ท้องอืด ท้องร่วง ไอ,[จำลอง] ทำเป็นยาต้ม,น้ำผึ้ง,ยาลูกกลอน,[จำลอง],
NR039/3,[จำลอง] ยาแก้ไอ,,[จำลอง] เจ็บคอ,[จำลอง] ทำเป็นยาต้ม,น้ำมะนาว,ยาผง,[จำลอง],
NR040/3,[จำลอง] ยาแก้ธาตุพิการ,,[จำลอง] ท้องร่วง จุกเสียด ท้องอืด,[จำลอง] ทำเป็นยาต้ม,น้ำมะนาว,ยาต้ม,[จำลอง],
NR041/1,[จำลอง] ยาแก้ลมวิงเวียน,,[จำลอง] อ่อนเพลีย เวียนหัว หน้ามืด,[จำลอง] ทำเป็นยาลูกกลอน,น้ำมะนาว,ยาผง,[จำลอง],
NR042/2,[จำลอง] ยาแก้ลมวิงเวียน,,[จำลอง] อ่อนเพลีย,[จำลอง] ทำเป็นยาลูกกลอน,น้ำมะนาว,ยาลูกกลอน,[จำลอง],
NR043/2,[จำลอง] ยาแก้ธาตุพิการ,,[จำลอง] ท้องอืด,[จำลอง] ทำเป็นยาผง,น้ำมะนาว,ยาต้ม,[จำลอง],
NR044/3,[จำลอง] ยาแก้ธาตุพิการ,,[จำลอง] ท้องร่วง คลื่นไส้,[จำลอง] ทำเป็นยาผง,น้ำมะนาว,ยาต้ม,[จำลอง],
NR045/3,[จำลอง] ยาแก้ธาตุพิการ,,[จำลอง] ท้องร่วง,[จำลอง] ทำเป็นยาต้ม,น้ำร้อน,ยาลูกกลอน,[จำลอง],
NR046/3,[จำลอง] ยาแก้ไอ,,[จำลอง] ไอ,[จำลอง] ทำเป็นยาต้ม,น้ำร้อน,ยาลูกกลอน,[จำลอง],
NR047/1,[จำลอง] ยาแก้ลมวิงเวียน,,[จำลอง] เวียนหัว อ่อนเพลีย,[จำลอง] ทำเป็นยาต้ม,น้ำมะนาว,ยาลูกกลอน,[จำลอง],
NR048/1,[จำลอง] ยาแก้ไข้,,[จำลอง] ปวดศีรษะ,[จำลอง] ทำเป็นยาผง,น้ำผึ้ง,ยาต้ม,[จำลอง],
NR049/1,[จำลอง] ยาแก้ไอ,,[จำลอง] แน่นหน้าอก ไอ มีเสมหะ,[จำลอง] ทำเป็นยาผง,น้ำผึ้ง,ยาลูกกลอน,[จำลอง],
NR050/1,[จำลอง] ยาแก้ลมวิงเวียน,,[จำลอง] อ่อนเพลีย,[จำลอง] ทำเป็นยาต้ม,น้ำร้อน,ยาผง,[จำลอง],
NR051/3,[จำลอง] ยาแก้ธาตุพิการ,,[จำลอง] ท้องอืด คลื่นไส้ อ่อนเพลีย,[จำลอง] ทำเป็นยาผง,น้ำร้อน,ยาผง,[จำลอง],
NR052/1,[จำลอง] ยาแก้ไข้,,[จำลอง] หนาวสั่น ปวดศีรษะ ไข้,[จำลอง] ทำเป็นยาผง,น้ำร้อน,ยาลูกกลอน,[จำลอง],
NR053/2,[จำลอง] ยาแก้ลมวิงเวียน,,[จำลอง] เวียนหัว หน้ามืด,[จำลอง] ทำเป็นยาผง,น้ำมะนาว,ยาผง,[จำลอง],
NR054/3,[จำลอง] ยาแก้ลมวิงเวียน,,[จำลอง] เวียนหัว อ่อนเพลีย หน้ามืด,[จำลอง] ทำเป็นยาต้ม,น้ำมะนาว,ยาผง,[จำลอง],
NR055/2,[จำลอง] ยาแก้ลมวิงเวียน,,[จำลอง] อ่อนเพลีย,[จำลอง] ทำเป็นยาลูกกลอน,น้ำผึ้ง,ยาผง,[จำลอง],
NR056/1,[จำลอง] ยาแก้ปวดข้อ,,[จำลอง] ปวดเมื่อย,[จำลอง] ทำเป็นยาผง,น้ำร้อน,ยาต้ม,[จำลอง],
NR057/1,[จำลอง] ยาแก้ไอ,,[จำลอง] เจ็บคอ ไอ,[จำลอง] ทำเป็นยาลูกกลอน,น้ำผึ้ง,ยาต้ม,[จำลอง],
NR058/2,[จำลอง] ยาแก้ไข้,,[จำลอง] ตัวร้อน หนาวสั่น,[จำลอง] ทำเป็นยาผง,น้ำร้อน,ยาผง,[จำลอง],
NR059/3,[จำลอง] ยาแก้ไข้,,[จำลอง] ตัวร้อน หนาวสั่น ปวดศีรษะ,[จำลอง] ทำเป็นยาต้ม,น้ำมะนาว,ยาผง,[จำลอง],
NR060/3,[จำลอง] ยาแก้ลมวิงเวียน,,[จำลอง] หน้ามืด เวียนหัว อ่อนเพลีย,[จำลอง] ทำเป็นยาต้ม,น้ำมะนาว,ยาลูกกลอน,[จำลอง],
NR061/3,[จำลอง] ยาแก้ไอ,,[จำลอง] เจ็บคอ มีเสมหะ,[จำลอง] ทำเป็นยาผง,น้ำมะนาว,ยาผง,[จำลอง],
NR062/2,[จำลอง] ยาแก้ลมวิงเวียน,,[จำลอง] เวียนหัว หน้ามืด,[จำลอง] ทำเป็นยาลูกกลอน,น้ำผึ้ง,ยาลูกกลอน,[จำลอง],
NR063/3,[จำลอง] ยาแก้ลมวิงเวียน,,[จำลอง] เวียนหัว อ่อนเพลีย หน้ามืด,[จำลอง] ทำเป็นยาผง,น้ำมะนาว,ยาผง,[จำลอง],
NR064/1,[จำลอง] ยาแก้ลมวิงเวียน,,[จำลอง] หน้ามืด เจ็บคอ,[จำลอง] ทำเป็นยาต้ม,น้ำมะนาว,ยาผง,[จำลอง],
NR065/1,[จำลอง] ยาแก้ไอ,,[จำลอง] แน่นหน้าอก มีเสมหะ,[จำลอง] ทำเป็นยาต้ม,น้ำร้อน,ยาผง,[จำลอง],
NR066/2,[จำลอง] ยาแก้ไอ,,[จำลอง] มีเสมหะ แน่นหน้าอก ไอ,[จำลอง] ทำเป็นยาต้ม,น้ำมะนาว,ยาผง,[จำลอง],
NR067/1,[จำลอง] ยาแก้ไอ,,[จำลอง] มีเสมหะ,[จำลอง] ทำเป็นยาลูกกลอน,น้ำผึ้ง,ยาลูกกลอน,[จำลอง],
NR068/2,[จำลอง] ยาแก้ไข้,,[จำลอง] หนาวสั่น,[จำลอง] ทำเป็นยาลูกกลอน,น้ำร้อน,ยาลูกกลอน,[จำลอง],
NR069/3,[จำลอง] ยาแก้ไข้,,[จำลอง] ตัวร้อน ไข้,[จำลอง] ทำเป็นยาต้ม,น้ำผึ้ง,ยาผง,[จำลอง],
NR070/1,[จำลอง] ยาแก้ไข้,,[จำลอง] ตัวร้อน ปวดศีรษะ ไข้,[จำลอง] ทำเป็นยาลูกกลอน,น้ำผึ้ง,ยาผง,[จำลอง],
NR071/2,[จำลอง] ยาแก้ไอ,,[จำลอง] เจ็บคอ,[จำลอง] ทำเป็นยาผง,น้ำมะนาว,ยาต้ม,[จำลอง],
NR072/2,[จำลอง] ยาแก้ไอ,,[จำลอง] แน่นหน้าอก มีเสมหะ เจ็บคอ ท้องร่วง,[จำลอง] ทำเป็นยาลูกกลอน,น้ำผึ้ง,ยาลูกกลอน,[จำลอง],
NR073/2,[จำลอง] ยาแก้ไข้,,[จำลอง] ตัวร้อน หนาวสั่น ปวดศีรษะ,[จำลอง] ทำเป็นยาต้ม,น้ำผึ้ง,ยาต้ม,[จำลอง],
NR074/1,[จำลอง] ยาแก้ธาตุพิการ,,[จำลอง] ท้องร่วง ท้องอืด จุกเสียด,[จำลอง] ทำเป็นยาลูกกลอน,น้ำร้อน,ยาต้ม,[จำลอง],
NR075/3,[จำลอง] ยาแก้ลมวิงเวียน,,[จำลอง] เวียนหัว,[จำลอง] ทำเป็นยาผง,น้ำร้อน,ยาลูกกลอน,[จำลอง],
NR076/2,[จำลอง] ยาแก้ลมวิงเวียน,,[จำลอง] หน้ามืด เวียนหัว,[จำลอง] ทำเป็นยาผง,น้ำร้อน,ยาผง,[จำลอง],
NR077/3,[จำลอง] ยาแก้ธาตุพิการ,,[จำลอง] จุกเสียด,[จำลอง] ทำเป็นยาผง,น้ำมะนาว,ยาต้ม,[จำลอง],
NR078/3,[จำลอง] ยาแก้ไอ,,[จำลอง] เจ็บคอ ไอ,[จำลอง] ทำเป็นยาลูกกลอน,น้ำผึ้ง,ยาต้ม,[จำลอง],
NR079/2,[จำลอง] ยาแก้ไข้,,[จำลอง] ไข้ ตัวร้อน ปวดศีรษะ,[จำลอง] ทำเป็นยาลูกกลอน,น้ำมะนาว,ยาผง,[จำลอง],
NR080/3,[จำลอง] ยาแก้ลมวิงเวียน,,[จำลอง] อ่อนเพลีย เวียนหัว ปวดข้อ,[จำลอง] ทำเป็นยาผง,น้ำร้อน,ยาลูกกลอน,[จำลอง],WRO001/2
NR081/3,[จำลอง] ยาแก้ธาตุพิการ,,[จำลอง] จุกเสียด ท้องร่วง,[จำลอง] ทำเป็นยาผง,น้ำมะนาว,ยาลูกกลอน,[จำลอง],WRO002/1
NR082/3,[จำลอง] ยาแก้ไข้,,[จำลอง] ตัวร้อน ปวดศีรษะ,[จำลอง] ทำเป็นยาผง,น้ำร้อน,ยาผง,[จำลอง],WRO003/1
NR083/1,[จำลอง] ยาแก้ไอ,,[จำลอง] ไอ เจ็บคอ,[จำลอง] ทำเป็นยาผง,น้ำผึ้ง,ยาผง,[จำลอง],WRO004/3
NR084/2,[จำลอง] ยาแก้ปวดข้อ,,[จำลอง] ปวดเมื่อย เวียนหัว,[จำลอง] ทำเป็นยาผง,น้ำผึ้ง,ยาลูกกลอน,[จำลอง],WRO005/1
NR085/2,[จำลอง] ยาแก้ไอ,,[จำลอง] แน่นหน้าอก,[จำลอง] ทำเป็นยาลูกกลอน,น้ำร้อน,ยาลูกกลอน,[จำลอง],WRO006/1
