รหัสตำรับ,อาการ
WRO001/2,ข้อบวม
WRO001/2,ปวดข้อ
WRO002/1,ไอ
WRO003/1,ปวดข้อ
WRO003/1,ปวดเมื่อย
WRO004/3,ท้องอืด
WRO004/3,จุกเสียด
WRO005/1,เวียนหัว
WRO005/1,อ่อนเพลีย
WRO006/1,ตัวร้อน
WRO006/1,คลื่นไส้
WRO007/2,ข้อบวม
WRO007/2,ไข้
WRO008/1,ท้องร่วง
WRO008/1,ท้องอืด
WRO008/1,เจ็บคอ
WRO009/1,ไข้
WRO009/1,ตัวร้อน
WRO009/1,ปวดศีรษะ
WRO010/1,หน้ามืด
WRO011/3,เวียนหัว
WRO011/3,หน้ามืด
WRO012/1,หน้ามืด
WRO012/1,เวียนหัว
WRO013/1,จุกเสียด
WRO014/1,จุกเสียด
WRO014/1,ท้องร่วง
WRO015/3,ตัวร้อน
WRO016/1,ปวดเมื่อย
WRO016/1,ปวดข้อ
WRO017/3,ปวดเมื่อย
WRO017/3,ข้อบวม
WRO018/2,หน้ามืด
WRO018/2,เวียนหัว
WRO018/2,อ่อนเพลีย
WRO019/3,แน่นหน้าอก
WRO019/3,ไอ
WRO019/3,มีเสมหะ
WRO020/1,ตัวร้อน
WRO020/1,หนาวสั่น
WRO021/1,ปวดเมื่อย
WRO021/1,ข้อบวม
WRO021/1,ปวดข้อ
WRO022/2,เจ็บคอ
WRO022/2,ไอ
WRO022/2,แน่นหน้าอก
WRO023/1,มีเสมหะ
WRO023/1,แน่นหน้าอก
WRO024/3,ไอ
WRO024/3,มีเสมหะ
WRO024/3,เจ็บคอ
WRO025/3,เวียนหัว
WRO025/3,อ่อนเพลีย
WRO025/3,หน้ามืด
WRO026/3,คลื่นไส้
WRO026/3,ท้องอืด
WRO026/3,ท้องร่วง
WRO027/1,จุกเสียด
WRO027/1,ท้องอืด
WRO027/1,ท้องร่วง
WRO028/1,มีเสมหะ
WRO029/2,เวียนหัว
WRO029/2,อ่อนเพลีย
WRO029/2,หน้ามืด
WRO030/3,ปวดเมื่อย
WRO030/3,ข้อบวม
WRO031/2,ท้องร่วง
WRO032/1,ปวดเมื่อย
WRO033/1,เจ็บคอ
WRO033/1,มีเสมหะ
WRO034/3,ปวดศีรษะ
WRO035/1,ไข้
WRO035/1,หนาวสั่น
WRO036/3,ข้อบวม
WRO037/2,มีเสมหะ
WRO037/2,เจ็บคอ
WRO038/3,หน้ามืด
WRO038/3,เวียนหัว
WRO038/3,อ่อนเพลีย
WRO039/2,ตัวร้อน
WRO039/2,หนาวสั่น
WRO039/2,ไข้
WRO040/2,ตัวร้อน
WRO041/2,เวียนหัว
WRO041/2,อ่อนเพลีย
WRO041/2,หน้ามืด
WRO042/2,อ่อนเพลีย
WRO043/1,แน่นหน้าอก
WRO044/3,คลื่นไส้
WRO045/3,อ่อนเพลีย
WRO046/2,อ่อนเพลีย
WRO046/2,หน้ามืด
WRO047/3,ไข้
WRO048/3,เวียนหัว
WRO048/3,อ่อนเพลีย
WRO048/3,หน้ามืด
WRO049/2,แน่นหน้าอก
WRO050/3,ไอ
WRO051/2,ปวดเมื่อย
WRO052/1,จุกเสียด
WRO053/3,ท้องร่วง
WRO053/3,ท้องอืด
WRO054/2,ไข้
WRO055/1,คลื่นไส้
WRO055/1,ท้องร่วง
WRO055/1,จุกเสียด
WRO055/1,ปวดข้อ
WRO056/1,มีเสมหะ
WRO056/1,ไอ
WRO057/1,ไอ
WRO057/1,เจ็บคอ
WRO058/1,ข้อบวม
WRO058/1,ปวดเมื่อย
WRO059/1,จุกเสียด
WRO060/3,ไอ
WRO060/3,แน่นหน้าอก
WRO061/1,หน้ามืด
WRO061/1,เวียนหัว
WRO061/1,อ่อนเพลีย
WRO062/1,หน้ามืด
WRO063/3,ปวดเมื่อย
WRO063/3,ปวดข้อ
WRO064/2,ข้อบวม
WRO064/2,ปวดข้อ
WRO065/1,ปวดเมื่อย
WRO066/2,ข้อบวม
WRO066/2,ปวดเมื่อย
WRO066/2,ปวดข้อ
WRO067/3,เวียนหัว
WRO068/2,ข้อบวม
WRO068/2,ปวดข้อ
WRO068/2,ปวดเมื่อย
WRO069/2,ปวดศีรษะ
WRO069/2,ไข้
WRO069/2,ตัวร้อน
WRO069/2,อ่อนเพลีย
WRO070/3,ท้องร่วง
WRO070/3,ท้องอืด
WRO071/3,ตัวร้อน
WRO072/1,อ่อนเพลีย
WRO072/1,เวียนหัว
WRO072/1,หน้ามืด
WRO073/3,หน้ามืด
WRO073/3,เวียนหัว
WRO074/3,ไอ
WRO075/2,หน้ามืด
WRO076/3,อ่อนเพลีย
WRO076/3,เวียนหัว
WRO076/3,หน้ามืด
WRO077/2,ปวดข้อ
WRO077/2,ข้อบวม
WRO078/3,ตัวร้อน
WRO078/3,ปวดศีรษะ
WRO079/1,อ่อนเพลีย
WRO080/1,ปวดข้อ
WRO080/1,ปวดเมื่อย
WRO081/1,หนาวสั่น
WRO081/1,ตัวร้อน
WRO081/1,ปวดศีรษะ
WRO082/1,หน้ามืด
WRO083/3,ไข้
WRO083/3,ตัวร้อน
WRO083/3,ปวดศีรษะ
WRO083/3,ท้องอืด
WRO084/1,เวียนหัว
WRO084/1,อ่อนเพลีย
WRO085/1,ท้องอืด
WRO085/1,ท้องร่วง
WRO086/3,เวียนหัว
WRO086/3,อ่อนเพลีย
WRO087/1,หน้ามืด
WRO088/2,คลื่นไส้
WRO088/2,ท้องอืด
WRO089/2,แน่นหน้าอก
WRO089/2,เจ็บคอ
WRO089/2,ไอ
WRO090/1,คลื่นไส้
WRO090/1,จุกเสียด
WRO090/1,ท้องร่วง
WRO091/2,ปวดเมื่อย
WRO091/2,ท้องอืด
WRO092/3,หนาวสั่น
WRO093/1,เวียนหัว
WRO093/1,หน้ามืด
WRO094/3,เวียนหัว
WRO094/3,หน้ามืด
WRO095/2,เวียนหัว
WRO096/2,หนาวสั่น
WRO096/2,ปวดศีรษะ
WRO096/2,ตัวร้อน
WRO096/2,ท้องอืด
WRO097/3,ตัวร้อน
WRO097/3,หนาวสั่น
WRO097/3,ปวดศีรษะ
WRO098/1,ไข้
WRO098/1,ปวดศีรษะ
WRO098/1,ตัวร้อน
WRO099/1,เวียนหัว
WRO100/1,หนาวสั่น
WRO100/1,ไข้
WRO101/2,หนาวสั่น
WRO101/2,ปวดศีรษะ
WRO101/2,ตัวร้อน
WRO102/2,ปวดเมื่อย
WRO102/2,ปวดข้อ
WRO103/1,อ่อนเพลีย
WRO103/1,เวียนหัว
WRO104/1,มีเสมหะ
WRO105/3,ปวดเมื่อย
WRO105/3,ข้อบวม
WRO105/3,ปวดข้อ
WRO106/2,ตัวร้อน
WRO107/2,หนาวสั่น
WRO107/2,ท้องอืด
WRO108/3,ปวดข้อ
WRO108/3,ข้อบวม
WRO108/3,ปวดเมื่อย
WRO109/3,ปวดศีรษะ
WRO109/3,ตัวร้อน
WRO109/3,หนาวสั่น
WRO110/2,หน้ามืด
WRO111/2,คลื่นไส้
WRO111/2,จุกเสียด
WRO112/2,ไอ
WRO113/2,ตัวร้อน
WRO113/2,หนาวสั่น
WRO114/3,ปวดข้อ
WRO114/3,ข้อบวม
WRO115/2,ตัวร้อน
WRO115/2,ปวดศีรษะ
WRO116/3,ปวดข้อ
WRO116/3,หน้ามืด
WRO117/1,แน่นหน้าอก
WRO117/1,เจ็บคอ
WRO117/1,มีเสมหะ
WRO118/3,ปวดเมื่อย
WRO118/3,ข้อบวม
WRO119/2,เวียนหัว
WRO119/2,หน้ามืด
WRO120/1,เจ็บคอ
WRO120/1,แน่นหน้าอก
WRO120/1,ไอ
