herb_id,identity,availability,source,reason,assessor,assessed_date,supply_area,season,volume_note
ขิง,A,A,[จำลอง] ข้อมูลทดสอบระบบ,[จำลอง],[จำลอง],2026-10-06,,,
ดีปลี,A,A,[จำลอง] ข้อมูลทดสอบระบบ,[จำลอง],[จำลอง],2026-10-06,,,
พริกไทย,B,A,[จำลอง] ข้อมูลทดสอบระบบ,[จำลอง],[จำลอง],2026-10-06,,,
มะกรูด,A,A,[จำลอง] ข้อมูลทดสอบระบบ,[จำลอง],[จำลอง],2026-10-06,,,
ว่านน้ำ,A,A,[จำลอง] ข้อมูลทดสอบระบบ,[จำลอง],[จำลอง],2026-10-06,,,
กานพลู,A,B,[จำลอง] ข้อมูลทดสอบระบบ,[จำลอง],[จำลอง],2026-10-06,,,
ลูกจันทน์,A,A,[จำลอง] ข้อมูลทดสอบระบบ,[จำลอง],[จำลอง],2026-10-06,,,
กระวาน,A,A,[จำลอง] ข้อมูลทดสอบระบบ,[จำลอง],[จำลอง],2026-10-06,,,
การบูร,A,A,[จำลอง] ข้อมูลทดสอบระบบ,[จำลอง],[จำลอง],2026-10-06,,,
สมอไทย,C,A,[จำลอง] ข้อมูลทดสอบระบบ,[จำลอง],[จำลอง],2026-10-06,,,
สมอพิเภก,A,A,[จำลอง] ข้อมูลทดสอบระบบ,[จำลอง],[จำลอง],2026-10-06,,,
มะขามป้อม,A,A,[จำลอง] ข้อมูลทดสอบระบบ,[จำลอง],[จำลอง],2026-10-06,,,
กระเทียม,B,A,[จำลอง] ข้อมูลทดสอบระบบ,[จำลอง],[จำลอง],2026-10-06,,,
ชะเอมเทศ,A,A,[จำลอง] ข้อมูลทดสอบระบบ,[จำลอง],[จำลอง],2026-10-06,,,
เจตมูลเพลิงแดง,A,A,[จำลอง] ข้อมูลทดสอบระบบ,[จำลอง],[จำลอง],2026-10-06,,,
แห้วหมู,C,A,[จำลอง] ข้อมูลทดสอบระบบ,[จำลอง],[จำลอง],2026-10-06,,,
ไคร้เครือ,A,A,[จำลอง] ข้อมูลทดสอบระบบ,[จำลอง],[จำลอง],2026-10-06,,,
บอระเพ็ด,A,A,[จำลอง] ข้อมูลทดสอบระบบ,[จำลอง],[จำลอง],2026-10-06,,,
ขมิ้นชัน,A,B,[จำลอง] ข้อมูลทดสอบระบบ,[จำลอง],[จำลอง],2026-10-06,,,
ตะไคร้,A,B,[จำลอง] ข้อมูลทดสอบระบบ,[จำลอง],[จำลอง],2026-10-06,,,
อบเชย,A,A,[จำลอง] ข้อมูลทดสอบระบบ,[จำลอง],[จำลอง],2026-10-06,,,
โกฐสอ,A,A,[จำลอง] ข้อมูลทดสอบระบบ,[จำลอง],[จำลอง],2026-10-06,,,
โกฐเขมา,A,A,[จำลอง] ข้อมูลทดสอบระบบ,[จำลอง],[จำลอง],2026-10-06,,,
โกฐเชียง,A,A,[จำลอง] ข้อมูลทดสอบระบบ,[จำลอง],[จำลอง],2026-10-06,,,
โกฐหัวบัว,A,A,[จำลอง] ข้อมูลทดสอบระบบ,[จำลอง],[จำลอง],2026-10-06,,,
โกฐจุฬาลัมพา,A,A,[จำลอง] ข้อมูลทดสอบระบบ,[จำลอง],[จำลอง],2026-10-06,,,
เทียนดำ,C,A,[จำลอง] ข้อมูลทดสอบระบบ,[จำลอง],[จำลอง],2026-10-06,,,
