recipe_id,scripture_id,name_th,form,original_text,page_ref
WRO001/1,WRO,แก้ลมเวียนหัว,ยาดอง,[ตัวอย่าง] ข้อความต้นฉบับจากคัมภีร์ ยังไม่ได้นำเข้า,หน้า 16
WRO002/1,WRO,แก้ไข้ตัวร้อน,ยาผง,[ตัวอย่าง] ข้อความต้นฉบับจากคัมภีร์ ยังไม่ได้นำเข้า,หน้า 145
NR001/2,NR,แก้ลมหน้ามืด,ยาลูกกลอน,[ตัวอย่าง] ข้อความต้นฉบับจากคัมภีร์ ยังไม่ได้นำเข้า,หน้า 194
WRO003/2,WRO,แก้ลมหน้ามืด,ยาต้ม,[ตัวอย่าง] ข้อความต้นฉบับจากคัมภีร์ ยังไม่ได้นำเข้า,หน้า 44
NR002/2,NR,แก้ไข้ปวดศีรษะ,ยาดอง,[ตัวอย่าง] ข้อความต้นฉบับจากคัมภีร์ ยังไม่ได้นำเข้า,หน้า 60
RM001/1,RM,แก้ท้องอืดท้องอืด,ยาดอง,[ตัวอย่าง] ข้อความต้นฉบับจากคัมภีร์ ยังไม่ได้นำเข้า,หน้า 102
WRO004/2,WRO,แก้ไข้,ยาดอง,[ตัวอย่าง] ข้อความต้นฉบับจากคัมภีร์ ยังไม่ได้นำเข้า,หน้า 32
NR003/3,NR,แก้ไอไอ,ยาลูกกลอน,[ตัวอย่าง] ข้อความต้นฉบับจากคัมภีร์ ยังไม่ได้นำเข้า,หน้า 137
RM002/3,RM,แก้ไอแน่นหน้าอก,ยาต้ม,[ตัวอย่าง] ข้อความต้นฉบับจากคัมภีร์ ยังไม่ได้นำเข้า,หน้า 94
NR004/1,NR,แก้ไข้ตัวร้อน,ยาผง,[ตัวอย่าง] ข้อความต้นฉบับจากคัมภีร์ ยังไม่ได้นำเข้า,หน้า 39
NR005/3,NR,แก้ไข้ตัวร้อน,ยาลูกกลอน,[ตัวอย่าง] ข้อความต้นฉบับจากคัมภีร์ ยังไม่ได้นำเข้า,หน้า 16
RM003/1,RM,แก้ไข้ตัวร้อน,ยาผง,[ตัวอย่าง] ข้อความต้นฉบับจากคัมภีร์ ยังไม่ได้นำเข้า,หน้า 64
WRO005/3,WRO,แก้ไอเจ็บคอ,ยาลูกกลอน,[ตัวอย่าง] ข้อความต้นฉบับจากคัมภีร์ ยังไม่ได้นำเข้า,หน้า 107
NR006/1,NR,แก้ไอเจ็บคอ,ยาดอง,[ตัวอย่าง] ข้อความต้นฉบับจากคัมภีร์ ยังไม่ได้นำเข้า,หน้า 132
NR007/1,NR,แก้ท้องอืดคลื่นไส้,ยาลูกกลอน,[ตัวอย่าง] ข้อความต้นฉบับจากคัมภีร์ ยังไม่ได้นำเข้า,หน้า 225
NR008/2,NR,แก้ท้องอืดจุกเสียด,ยาผง,[ตัวอย่าง] ข้อความต้นฉบับจากคัมภีร์ ยังไม่ได้นำเข้า,หน้า 163
RM004/2,RM,แก้ไอมีเสมหะ,ยาลูกกลอน,[ตัวอย่าง] ข้อความต้นฉบับจากคัมภีร์ ยังไม่ได้นำเข้า,หน้า 70
RM005/1,RM,แก้ลมหน้ามืด,ยาผง,[ตัวอย่าง] ข้อความต้นฉบับจากคัมภีร์ ยังไม่ได้นำเข้า,หน้า 19
NR009/1,NR,แก้ลมเวียนหัว,ยาผง,[ตัวอย่าง] ข้อความต้นฉบับจากคัมภีร์ ยังไม่ได้นำเข้า,หน้า 122
NR010/2,NR,แก้ท้องอืดจุกเสียด,ยาลูกกลอน,[ตัวอย่าง] ข้อความต้นฉบับจากคัมภีร์ ยังไม่ได้นำเข้า,หน้า 12
NR011/1,NR,แก้ลมอ่อนเพลีย,ยาดอง,[ตัวอย่าง] ข้อความต้นฉบับจากคัมภีร์ ยังไม่ได้นำเข้า,หน้า 65
RM006/1,RM,แก้ลมหน้ามืด,ยาผง,[ตัวอย่าง] ข้อความต้นฉบับจากคัมภีร์ ยังไม่ได้นำเข้า,หน้า 178
NR012/1,NR,แก้ไอไอ,ยาต้ม,[ตัวอย่าง] ข้อความต้นฉบับจากคัมภีร์ ยังไม่ได้นำเข้า,หน้า 228
WRO006/2,WRO,แก้ลมหน้ามืด,ยาดอง,[ตัวอย่าง] ข้อความต้นฉบับจากคัมภีร์ ยังไม่ได้นำเข้า,หน้า 31
WRO007/2,WRO,แก้ไข้ปวดศีรษะ,ยาต้ม,[ตัวอย่าง] ข้อความต้นฉบับจากคัมภีร์ ยังไม่ได้นำเข้า,หน้า 112
RM007/3,RM,แก้ลมอ่อนเพลีย,ยาต้ม,[ตัวอย่าง] ข้อความต้นฉบับจากคัมภีร์ ยังไม่ได้นำเข้า,หน้า 104
NR013/2,NR,แก้ไอเจ็บคอ,ยาดอง,[ตัวอย่าง] ข้อความต้นฉบับจากคัมภีร์ ยังไม่ได้นำเข้า,หน้า 99
NR014/2,NR,แก้ไอมีเสมหะ,ยาดอง,[ตัวอย่าง] ข้อความต้นฉบับจากคัมภีร์ ยังไม่ได้นำเข้า,หน้า 182
WRO008/1,WRO,แก้ไอมีเสมหะ,ยาลูกกลอน,[ตัวอย่าง] ข้อความต้นฉบับจากคัมภีร์ ยังไม่ได้นำเข้า,หน้า 60
NR015/1,NR,แก้ไข้หนาวสั่น,ยาลูกกลอน,[ตัวอย่าง] ข้อความต้นฉบับจากคัมภีร์ ยังไม่ได้นำเข้า,หน้า 141
WRO009/2,WRO,แก้ท้องอืดท้องร่วง,ยาผง,[ตัวอย่าง] ข้อความต้นฉบับจากคัมภีร์ ยังไม่ได้นำเข้า,หน้า 53
NR016/1,NR,แก้ลมอ่อนเพลีย,ยาผง,[ตัวอย่าง] ข้อความต้นฉบับจากคัมภีร์ ยังไม่ได้นำเข้า,หน้า 239
RM008/2,RM,แก้ไอไอ,ยาดอง,[ตัวอย่าง] ข้อความต้นฉบับจากคัมภีร์ ยังไม่ได้นำเข้า,หน้า 23
NR017/1,NR,แก้ลมหน้ามืด,ยาต้ม,[ตัวอย่าง] ข้อความต้นฉบับจากคัมภีร์ ยังไม่ได้นำเข้า,หน้า 1
RM009/1,RM,แก้ลมเวียนหัว,ยาลูกกลอน,[ตัวอย่าง] ข้อความต้นฉบับจากคัมภีร์ ยังไม่ได้นำเข้า,หน้า 105
WRO010/1,WRO,แก้ไอแน่นหน้าอก,ยาต้ม,[ตัวอย่าง] ข้อความต้นฉบับจากคัมภีร์ ยังไม่ได้นำเข้า,หน้า 76
WRO011/1,WRO,แก้ไอมีเสมหะ,ยาลูกกลอน,[ตัวอย่าง] ข้อความต้นฉบับจากคัมภีร์ ยังไม่ได้นำเข้า,หน้า 216
RM010/1,RM,แก้ไข้ตัวร้อน,ยาต้ม,[ตัวอย่าง] ข้อความต้นฉบับจากคัมภีร์ ยังไม่ได้นำเข้า,หน้า 56
NR018/3,NR,แก้ไอเจ็บคอ,ยาดอง,[ตัวอย่าง] ข้อความต้นฉบับจากคัมภีร์ ยังไม่ได้นำเข้า,หน้า 17
NR019/2,NR,แก้ท้องอืดคลื่นไส้,ยาดอง,[ตัวอย่าง] ข้อความต้นฉบับจากคัมภีร์ ยังไม่ได้นำเข้า,หน้า 231
NR020/1,NR,แก้ไอไอ,ยาลูกกลอน,[ตัวอย่าง] ข้อความต้นฉบับจากคัมภีร์ ยังไม่ได้นำเข้า,หน้า 134
WRO012/1,WRO,แก้ลมเวียนหัว,ยาลูกกลอน,[ตัวอย่าง] ข้อความต้นฉบับจากคัมภีร์ ยังไม่ได้นำเข้า,หน้า 99
RM011/1,RM,แก้ไข้,ยาต้ม,[ตัวอย่าง] ข้อความต้นฉบับจากคัมภีร์ ยังไม่ได้นำเข้า,หน้า 115
NR021/2,NR,แก้ลมหน้ามืด,ยาลูกกลอน,[ตัวอย่าง] ข้อความต้นฉบับจากคัมภีร์ ยังไม่ได้นำเข้า,หน้า 22
WRO013/2,WRO,แก้ท้องอืดจุกเสียด,ยาดอง,[ตัวอย่าง] ข้อความต้นฉบับจากคัมภีร์ ยังไม่ได้นำเข้า,หน้า 54
NR022/2,NR,แก้ไข้,ยาผง,[ตัวอย่าง] ข้อความต้นฉบับจากคัมภีร์ ยังไม่ได้นำเข้า,หน้า 114
WRO014/2,WRO,แก้ลมอ่อนเพลีย,ยาต้ม,[ตัวอย่าง] ข้อความต้นฉบับจากคัมภีร์ ยังไม่ได้นำเข้า,หน้า 78
NR023/2,NR,แก้ไอไอ,ยาต้ม,[ตัวอย่าง] ข้อความต้นฉบับจากคัมภีร์ ยังไม่ได้นำเข้า,หน้า 3
WRO015/3,WRO,แก้ไอแน่นหน้าอก,ยาดอง,[ตัวอย่าง] ข้อความต้นฉบับจากคัมภีร์ ยังไม่ได้นำเข้า,หน้า 184
WRO016/1,WRO,แก้ท้องอืดท้องอืด,ยาต้ม,[ตัวอย่าง] ข้อความต้นฉบับจากคัมภีร์ ยังไม่ได้นำเข้า,หน้า 165
RM012/3,RM,แก้ท้องอืดท้องร่วง,ยาดอง,[ตัวอย่าง] ข้อความต้นฉบับจากคัมภีร์ ยังไม่ได้นำเข้า,หน้า 186
WRO017/3,WRO,แก้ไอมีเสมหะ,ยาลูกกลอน,[ตัวอย่าง] ข้อความต้นฉบับจากคัมภีร์ ยังไม่ได้นำเข้า,หน้า 29
WRO018/2,WRO,แก้ท้องอืดท้องอืด,ยาผง,[ตัวอย่าง] ข้อความต้นฉบับจากคัมภีร์ ยังไม่ได้นำเข้า,หน้า 138
WRO019/1,WRO,แก้ไอไอ,ยาลูกกลอน,[ตัวอย่าง] ข้อความต้นฉบับจากคัมภีร์ ยังไม่ได้นำเข้า,หน้า 128
NR024/3,NR,แก้ไข้ตัวร้อน,ยาต้ม,[ตัวอย่าง] ข้อความต้นฉบับจากคัมภีร์ ยังไม่ได้นำเข้า,หน้า 134
NR025/1,NR,แก้ท้องอืดจุกเสียด,ยาลูกกลอน,[ตัวอย่าง] ข้อความต้นฉบับจากคัมภีร์ ยังไม่ได้นำเข้า,หน้า 67
NR026/1,NR,แก้ท้องอืดคลื่นไส้,ยาดอง,[ตัวอย่าง] ข้อความต้นฉบับจากคัมภีร์ ยังไม่ได้นำเข้า,หน้า 178
NR027/2,NR,แก้ลมอ่อนเพลีย,ยาลูกกลอน,[ตัวอย่าง] ข้อความต้นฉบับจากคัมภีร์ ยังไม่ได้นำเข้า,หน้า 65
NR028/2,NR,แก้ไข้หนาวสั่น,ยาดอง,[ตัวอย่าง] ข้อความต้นฉบับจากคัมภีร์ ยังไม่ได้นำเข้า,หน้า 139
NR029/2,NR,แก้ไอมีเสมหะ,ยาผง,[ตัวอย่าง] ข้อความต้นฉบับจากคัมภีร์ ยังไม่ได้นำเข้า,หน้า 58
RM013/1,RM,แก้ไอมีเสมหะ,ยาดอง,[ตัวอย่าง] ข้อความต้นฉบับจากคัมภีร์ ยังไม่ได้นำเข้า,หน้า 176
RM014/2,RM,แก้ท้องอืดคลื่นไส้,ยาต้ม,[ตัวอย่าง] ข้อความต้นฉบับจากคัมภีร์ ยังไม่ได้นำเข้า,หน้า 201
WRO020/1,WRO,แก้ไอมีเสมหะ,ยาต้ม,[ตัวอย่าง] ข้อความต้นฉบับจากคัมภีร์ ยังไม่ได้นำเข้า,หน้า 51
WRO021/1,WRO,แก้ลมอ่อนเพลีย,ยาดอง,[ตัวอย่าง] ข้อความต้นฉบับจากคัมภีร์ ยังไม่ได้นำเข้า,หน้า 179
RM015/3,RM,แก้ไข้หนาวสั่น,ยาดอง,[ตัวอย่าง] ข้อความต้นฉบับจากคัมภีร์ ยังไม่ได้นำเข้า,หน้า 194
NR030/2,NR,แก้ไข้หนาวสั่น,ยาต้ม,[ตัวอย่าง] ข้อความต้นฉบับจากคัมภีร์ ยังไม่ได้นำเข้า,หน้า 224
NR031/1,NR,แก้ไข้ปวดศีรษะ,ยาผง,[ตัวอย่าง] ข้อความต้นฉบับจากคัมภีร์ ยังไม่ได้นำเข้า,หน้า 55
NR032/1,NR,แก้ไข้ตัวร้อน,ยาผง,[ตัวอย่าง] ข้อความต้นฉบับจากคัมภีร์ ยังไม่ได้นำเข้า,หน้า 212
NR033/3,NR,แก้ไอแน่นหน้าอก,ยาผง,[ตัวอย่าง] ข้อความต้นฉบับจากคัมภีร์ ยังไม่ได้นำเข้า,หน้า 220
NR034/1,NR,แก้ท้องอืดเบื่ออาหาร,ยาลูกกลอน,[ตัวอย่าง] ข้อความต้นฉบับจากคัมภีร์ ยังไม่ได้นำเข้า,หน้า 221
NR035/1,NR,แก้ไข้ตัวร้อน,ยาต้ม,[ตัวอย่าง] ข้อความต้นฉบับจากคัมภีร์ ยังไม่ได้นำเข้า,หน้า 150
RM016/2,RM,แก้ไข้หนาวสั่น,ยาดอง,[ตัวอย่าง] ข้อความต้นฉบับจากคัมภีร์ ยังไม่ได้นำเข้า,หน้า 52
NR036/2,NR,แก้ไข้หนาวสั่น,ยาลูกกลอน,[ตัวอย่าง] ข้อความต้นฉบับจากคัมภีร์ ยังไม่ได้นำเข้า,หน้า 24
WRO022/2,WRO,แก้ท้องอืดคลื่นไส้,ยาลูกกลอน,[ตัวอย่าง] ข้อความต้นฉบับจากคัมภีร์ ยังไม่ได้นำเข้า,หน้า 223
NR037/2,NR,แก้ไอไอ,ยาผง,[ตัวอย่าง] ข้อความต้นฉบับจากคัมภีร์ ยังไม่ได้นำเข้า,หน้า 221
WRO023/1,WRO,แก้ท้องอืดจุกเสียด,ยาดอง,[ตัวอย่าง] ข้อความต้นฉบับจากคัมภีร์ ยังไม่ได้นำเข้า,หน้า 15
NR038/2,NR,แก้ท้องอืดท้องอืด,ยาลูกกลอน,[ตัวอย่าง] ข้อความต้นฉบับจากคัมภีร์ ยังไม่ได้นำเข้า,หน้า 205
NR039/2,NR,แก้ท้องอืดท้องร่วง,ยาลูกกลอน,[ตัวอย่าง] ข้อความต้นฉบับจากคัมภีร์ ยังไม่ได้นำเข้า,หน้า 69
WRO024/2,WRO,แก้ไข้กระหายน้ำ,ยาต้ม,[ตัวอย่าง] ข้อความต้นฉบับจากคัมภีร์ ยังไม่ได้นำเข้า,หน้า 107
RM017/1,RM,แก้ลมหน้ามืด,ยาลูกกลอน,[ตัวอย่าง] ข้อความต้นฉบับจากคัมภีร์ ยังไม่ได้นำเข้า,หน้า 183
WRO025/3,WRO,แก้ไอเจ็บคอ,ยาดอง,[ตัวอย่าง] ข้อความต้นฉบับจากคัมภีร์ ยังไม่ได้นำเข้า,หน้า 24
RM018/1,RM,แก้ไข้ตัวร้อน,ยาผง,[ตัวอย่าง] ข้อความต้นฉบับจากคัมภีร์ ยังไม่ได้นำเข้า,หน้า 58
WRO026/3,WRO,แก้ลมเวียนหัว,ยาต้ม,[ตัวอย่าง] ข้อความต้นฉบับจากคัมภีร์ ยังไม่ได้นำเข้า,หน้า 29
WRO027/1,WRO,แก้ลมหน้ามืด,ยาผง,[ตัวอย่าง] ข้อความต้นฉบับจากคัมภีร์ ยังไม่ได้นำเข้า,หน้า 84
WRO028/1,WRO,แก้ไข้ปวดศีรษะ,ยาผง,[ตัวอย่าง] ข้อความต้นฉบับจากคัมภีร์ ยังไม่ได้นำเข้า,หน้า 9
WRO029/1,WRO,แก้ลมเวียนหัว,ยาลูกกลอน,[ตัวอย่าง] ข้อความต้นฉบับจากคัมภีร์ ยังไม่ได้นำเข้า,หน้า 113
NR040/3,NR,แก้ท้องอืดเบื่ออาหาร,ยาต้ม,[ตัวอย่าง] ข้อความต้นฉบับจากคัมภีร์ ยังไม่ได้นำเข้า,หน้า 57
RM019/1,RM,แก้ท้องอืดท้องอืด,ยาลูกกลอน,[ตัวอย่าง] ข้อความต้นฉบับจากคัมภีร์ ยังไม่ได้นำเข้า,หน้า 107
NR041/1,NR,แก้ไข้กระหายน้ำ,ยาดอง,[ตัวอย่าง] ข้อความต้นฉบับจากคัมภีร์ ยังไม่ได้นำเข้า,หน้า 166
WRO030/2,WRO,แก้ไอแน่นหน้าอก,ยาต้ม,[ตัวอย่าง] ข้อความต้นฉบับจากคัมภีร์ ยังไม่ได้นำเข้า,หน้า 145
NR042/2,NR,แก้ไข้หนาวสั่น,ยาดอง,[ตัวอย่าง] ข้อความต้นฉบับจากคัมภีร์ ยังไม่ได้นำเข้า,หน้า 103
WRO031/2,WRO,แก้ท้องอืดท้องร่วง,ยาต้ม,[ตัวอย่าง] ข้อความต้นฉบับจากคัมภีร์ ยังไม่ได้นำเข้า,หน้า 182
WRO032/3,WRO,แก้ท้องอืดเบื่ออาหาร,ยาลูกกลอน,[ตัวอย่าง] ข้อความต้นฉบับจากคัมภีร์ ยังไม่ได้นำเข้า,หน้า 134
NR043/3,NR,แก้ท้องอืดจุกเสียด,ยาลูกกลอน,[ตัวอย่าง] ข้อความต้นฉบับจากคัมภีร์ ยังไม่ได้นำเข้า,หน้า 116
WRO033/3,WRO,แก้ไอไอ,ยาลูกกลอน,[ตัวอย่าง] ข้อความต้นฉบับจากคัมภีร์ ยังไม่ได้นำเข้า,หน้า 23
WRO034/3,WRO,แก้ลมหน้ามืด,ยาลูกกลอน,[ตัวอย่าง] ข้อความต้นฉบับจากคัมภีร์ ยังไม่ได้นำเข้า,หน้า 62
NR044/2,NR,แก้ไอเจ็บคอ,ยาต้ม,[ตัวอย่าง] ข้อความต้นฉบับจากคัมภีร์ ยังไม่ได้นำเข้า,หน้า 153
RM020/1,RM,แก้ไข้หนาวสั่น,ยาผง,[ตัวอย่าง] ข้อความต้นฉบับจากคัมภีร์ ยังไม่ได้นำเข้า,หน้า 18
WRO035/1,WRO,แก้ลมหน้ามืด,ยาผง,[ตัวอย่าง] ข้อความต้นฉบับจากคัมภีร์ ยังไม่ได้นำเข้า,หน้า 169
WRO036/1,WRO,แก้ท้องอืดจุกเสียด,ยาลูกกลอน,[ตัวอย่าง] ข้อความต้นฉบับจากคัมภีร์ ยังไม่ได้นำเข้า,หน้า 145
RM021/3,RM,แก้ท้องอืดเบื่ออาหาร,ยาต้ม,[ตัวอย่าง] ข้อความต้นฉบับจากคัมภีร์ ยังไม่ได้นำเข้า,หน้า 192
RM022/3,RM,แก้ลมเวียนหัว,ยาลูกกลอน,[ตัวอย่าง] ข้อความต้นฉบับจากคัมภีร์ ยังไม่ได้นำเข้า,หน้า 140
NR045/2,NR,แก้ไข้หนาวสั่น,ยาต้ม,[ตัวอย่าง] ข้อความต้นฉบับจากคัมภีร์ ยังไม่ได้นำเข้า,หน้า 179
NR046/1,NR,แก้ไอแน่นหน้าอก,ยาผง,[ตัวอย่าง] ข้อความต้นฉบับจากคัมภีร์ ยังไม่ได้นำเข้า,หน้า 180
WRO037/2,WRO,แก้ไข้หนาวสั่น,ยาผง,[ตัวอย่าง] ข้อความต้นฉบับจากคัมภีร์ ยังไม่ได้นำเข้า,หน้า 7
NR047/2,NR,แก้ลมอ่อนเพลีย,ยาดอง,[ตัวอย่าง] ข้อความต้นฉบับจากคัมภีร์ ยังไม่ได้นำเข้า,หน้า 232
WRO038/1,WRO,แก้ไอแน่นหน้าอก,ยาผง,[ตัวอย่าง] ข้อความต้นฉบับจากคัมภีร์ ยังไม่ได้นำเข้า,หน้า 9
WRO039/1,WRO,แก้ไอมีเสมหะ,ยาดอง,[ตัวอย่าง] ข้อความต้นฉบับจากคัมภีร์ ยังไม่ได้นำเข้า,หน้า 137
NR048/2,NR,แก้ลมหน้ามืด,ยาต้ม,[ตัวอย่าง] ข้อความต้นฉบับจากคัมภีร์ ยังไม่ได้นำเข้า,หน้า 143
WRO040/1,WRO,แก้ไอไอ,ยาดอง,[ตัวอย่าง] ข้อความต้นฉบับจากคัมภีร์ ยังไม่ได้นำเข้า,หน้า 174
WRO041/3,WRO,แก้ไข้ตัวร้อน,ยาลูกกลอน,[ตัวอย่าง] ข้อความต้นฉบับจากคัมภีร์ ยังไม่ได้นำเข้า,หน้า 145
NR049/3,NR,แก้ท้องอืดท้องร่วง,ยาลูกกลอน,[ตัวอย่าง] ข้อความต้นฉบับจากคัมภีร์ ยังไม่ได้นำเข้า,หน้า 66
NR050/1,NR,แก้ท้องอืดจุกเสียด,ยาผง,[ตัวอย่าง] ข้อความต้นฉบับจากคัมภีร์ ยังไม่ได้นำเข้า,หน้า 7
NR051/3,NR,แก้ลมเวียนหัว,ยาต้ม,[ตัวอย่าง] ข้อความต้นฉบับจากคัมภีร์ ยังไม่ได้นำเข้า,หน้า 187
WRO042/2,WRO,แก้ลมเวียนหัว,ยาผง,[ตัวอย่าง] ข้อความต้นฉบับจากคัมภีร์ ยังไม่ได้นำเข้า,หน้า 235
NR052/1,NR,แก้ไอไอ,ยาลูกกลอน,[ตัวอย่าง] ข้อความต้นฉบับจากคัมภีร์ ยังไม่ได้นำเข้า,หน้า 90
RM023/3,RM,แก้ไข้หนาวสั่น,ยาต้ม,[ตัวอย่าง] ข้อความต้นฉบับจากคัมภีร์ ยังไม่ได้นำเข้า,หน้า 149
RM024/2,RM,แก้ไอเจ็บคอ,ยาลูกกลอน,[ตัวอย่าง] ข้อความต้นฉบับจากคัมภีร์ ยังไม่ได้นำเข้า,หน้า 62
WRO043/3,WRO,แก้ไข้ปวดศีรษะ,ยาต้ม,[ตัวอย่าง] ข้อความต้นฉบับจากคัมภีร์ ยังไม่ได้นำเข้า,หน้า 199
RM025/1,RM,แก้ท้องอืดคลื่นไส้,ยาผง,[ตัวอย่าง] ข้อความต้นฉบับจากคัมภีร์ ยังไม่ได้นำเข้า,หน้า 92
WRO044/3,WRO,แก้ท้องอืดท้องร่วง,ยาต้ม,[ตัวอย่าง] ข้อความต้นฉบับจากคัมภีร์ ยังไม่ได้นำเข้า,หน้า 39
RM026/2,RM,แก้ไอมีเสมหะ,ยาดอง,[ตัวอย่าง] ข้อความต้นฉบับจากคัมภีร์ ยังไม่ได้นำเข้า,หน้า 118
NR053/2,NR,แก้ลมอ่อนเพลีย,ยาดอง,[ตัวอย่าง] ข้อความต้นฉบับจากคัมภีร์ ยังไม่ได้นำเข้า,หน้า 56
WRO045/1,WRO,แก้ลมเวียนหัว,ยาดอง,[ตัวอย่าง] ข้อความต้นฉบับจากคัมภีร์ ยังไม่ได้นำเข้า,หน้า 47
RM027/1,RM,แก้ไข้หนาวสั่น,ยาดอง,[ตัวอย่าง] ข้อความต้นฉบับจากคัมภีร์ ยังไม่ได้นำเข้า,หน้า 226
NR054/3,NR,แก้ไข้ตัวร้อน,ยาต้ม,[ตัวอย่าง] ข้อความต้นฉบับจากคัมภีร์ ยังไม่ได้นำเข้า,หน้า 17
WRO046/3,WRO,แก้ไอไอ,ยาผง,[ตัวอย่าง] ข้อความต้นฉบับจากคัมภีร์ ยังไม่ได้นำเข้า,หน้า 12
WRO047/2,WRO,แก้ไข้ปวดศีรษะ,ยาดอง,[ตัวอย่าง] ข้อความต้นฉบับจากคัมภีร์ ยังไม่ได้นำเข้า,หน้า 206
NR055/3,NR,แก้ท้องอืดท้องร่วง,ยาผง,[ตัวอย่าง] ข้อความต้นฉบับจากคัมภีร์ ยังไม่ได้นำเข้า,หน้า 101
NR056/1,NR,แก้ไข้หนาวสั่น,ยาต้ม,[ตัวอย่าง] ข้อความต้นฉบับจากคัมภีร์ ยังไม่ได้นำเข้า,หน้า 214
WRO048/2,WRO,แก้ท้องอืดท้องอืด,ยาต้ม,[ตัวอย่าง] ข้อความต้นฉบับจากคัมภีร์ ยังไม่ได้นำเข้า,หน้า 126
WRO049/3,WRO,แก้ไอเจ็บคอ,ยาดอง,[ตัวอย่าง] ข้อความต้นฉบับจากคัมภีร์ ยังไม่ได้นำเข้า,หน้า 203
RM028/2,RM,แก้ท้องอืดจุกเสียด,ยาผง,[ตัวอย่าง] ข้อความต้นฉบับจากคัมภีร์ ยังไม่ได้นำเข้า,หน้า 194
NR057/2,NR,แก้ลมเวียนหัว,ยาต้ม,[ตัวอย่าง] ข้อความต้นฉบับจากคัมภีร์ ยังไม่ได้นำเข้า,หน้า 142
WRO050/1,WRO,แก้ไข้,ยาดอง,[ตัวอย่าง] ข้อความต้นฉบับจากคัมภีร์ ยังไม่ได้นำเข้า,หน้า 216
WRO051/1,WRO,แก้ไข้กระหายน้ำ,ยาลูกกลอน,[ตัวอย่าง] ข้อความต้นฉบับจากคัมภีร์ ยังไม่ได้นำเข้า,หน้า 222
RM029/3,RM,แก้ลมอ่อนเพลีย,ยาดอง,[ตัวอย่าง] ข้อความต้นฉบับจากคัมภีร์ ยังไม่ได้นำเข้า,หน้า 145
WRO052/1,WRO,แก้ลมอ่อนเพลีย,ยาผง,[ตัวอย่าง] ข้อความต้นฉบับจากคัมภีร์ ยังไม่ได้นำเข้า,หน้า 209
RM030/3,RM,แก้ไอมีเสมหะ,ยาลูกกลอน,[ตัวอย่าง] ข้อความต้นฉบับจากคัมภีร์ ยังไม่ได้นำเข้า,หน้า 11
WRO053/1,WRO,แก้ไอมีเสมหะ,ยาลูกกลอน,[ตัวอย่าง] ข้อความต้นฉบับจากคัมภีร์ ยังไม่ได้นำเข้า,หน้า 111
RM031/3,RM,แก้ไข้ปวดศีรษะ,ยาดอง,[ตัวอย่าง] ข้อความต้นฉบับจากคัมภีร์ ยังไม่ได้นำเข้า,หน้า 70
RM032/2,RM,แก้ไอเจ็บคอ,ยาต้ม,[ตัวอย่าง] ข้อความต้นฉบับจากคัมภีร์ ยังไม่ได้นำเข้า,หน้า 208
WRO054/1,WRO,แก้ไข้ตัวร้อน,ยาดอง,[ตัวอย่าง] ข้อความต้นฉบับจากคัมภีร์ ยังไม่ได้นำเข้า,หน้า 78
NR058/3,NR,แก้ไข้ปวดศีรษะ,ยาลูกกลอน,[ตัวอย่าง] ข้อความต้นฉบับจากคัมภีร์ ยังไม่ได้นำเข้า,หน้า 187
RM033/2,RM,แก้ไอมีเสมหะ,ยาลูกกลอน,[ตัวอย่าง] ข้อความต้นฉบับจากคัมภีร์ ยังไม่ได้นำเข้า,หน้า 60
WRO055/2,WRO,แก้ไอเจ็บคอ,ยาลูกกลอน,[ตัวอย่าง] ข้อความต้นฉบับจากคัมภีร์ ยังไม่ได้นำเข้า,หน้า 39
RM034/2,RM,แก้ไข้กระหายน้ำ,ยาดอง,[ตัวอย่าง] ข้อความต้นฉบับจากคัมภีร์ ยังไม่ได้นำเข้า,หน้า 173
NR059/3,NR,แก้ไอแน่นหน้าอก,ยาต้ม,[ตัวอย่าง] ข้อความต้นฉบับจากคัมภีร์ ยังไม่ได้นำเข้า,หน้า 193
NR060/3,NR,แก้ไข้ปวดศีรษะ,ยาดอง,[ตัวอย่าง] ข้อความต้นฉบับจากคัมภีร์ ยังไม่ได้นำเข้า,หน้า 155
NR061/2,NR,แก้ไข้หนาวสั่น,ยาผง,[ตัวอย่าง] ข้อความต้นฉบับจากคัมภีร์ ยังไม่ได้นำเข้า,หน้า 97
RM035/2,RM,แก้ไอเจ็บคอ,ยาผง,[ตัวอย่าง] ข้อความต้นฉบับจากคัมภีร์ ยังไม่ได้นำเข้า,หน้า 63
WRO056/3,WRO,แก้ท้องอืดคลื่นไส้,ยาผง,[ตัวอย่าง] ข้อความต้นฉบับจากคัมภีร์ ยังไม่ได้นำเข้า,หน้า 143
WRO057/2,WRO,แก้ลมเวียนหัว,ยาลูกกลอน,[ตัวอย่าง] ข้อความต้นฉบับจากคัมภีร์ ยังไม่ได้นำเข้า,หน้า 192
NR062/2,NR,แก้ไข้ปวดศีรษะ,ยาผง,[ตัวอย่าง] ข้อความต้นฉบับจากคัมภีร์ ยังไม่ได้นำเข้า,หน้า 42
NR063/2,NR,แก้ท้องอืดจุกเสียด,ยาดอง,[ตัวอย่าง] ข้อความต้นฉบับจากคัมภีร์ ยังไม่ได้นำเข้า,หน้า 129
WRO058/2,WRO,แก้ลมอ่อนเพลีย,ยาต้ม,[ตัวอย่าง] ข้อความต้นฉบับจากคัมภีร์ ยังไม่ได้นำเข้า,หน้า 91
RM036/3,RM,แก้ไข้ตัวร้อน,ยาลูกกลอน,[ตัวอย่าง] ข้อความต้นฉบับจากคัมภีร์ ยังไม่ได้นำเข้า,หน้า 137
WRO059/1,WRO,แก้ลมอ่อนเพลีย,ยาผง,[ตัวอย่าง] ข้อความต้นฉบับจากคัมภีร์ ยังไม่ได้นำเข้า,หน้า 191
NR064/3,NR,แก้ท้องอืดจุกเสียด,ยาลูกกลอน,[ตัวอย่าง] ข้อความต้นฉบับจากคัมภีร์ ยังไม่ได้นำเข้า,หน้า 115
NR065/2,NR,แก้ไข้ตัวร้อน,ยาผง,[ตัวอย่าง] ข้อความต้นฉบับจากคัมภีร์ ยังไม่ได้นำเข้า,หน้า 58
WRO060/3,WRO,แก้ท้องอืดท้องอืด,ยาดอง,[ตัวอย่าง] ข้อความต้นฉบับจากคัมภีร์ ยังไม่ได้นำเข้า,หน้า 148
WRO061/1,WRO,แก้ไข้ตัวร้อน,ยาลูกกลอน,[ตัวอย่าง] ข้อความต้นฉบับจากคัมภีร์ ยังไม่ได้นำเข้า,หน้า 144
WRO062/1,WRO,แก้ท้องอืดคลื่นไส้,ยาดอง,[ตัวอย่าง] ข้อความต้นฉบับจากคัมภีร์ ยังไม่ได้นำเข้า,หน้า 231
RM037/2,RM,แก้ลมเวียนหัว,ยาผง,[ตัวอย่าง] ข้อความต้นฉบับจากคัมภีร์ ยังไม่ได้นำเข้า,หน้า 233
WRO063/1,WRO,แก้ไอแน่นหน้าอก,ยาต้ม,[ตัวอย่าง] ข้อความต้นฉบับจากคัมภีร์ ยังไม่ได้นำเข้า,หน้า 160
WRO064/1,WRO,แก้ท้องอืดท้องอืด,ยาผง,[ตัวอย่าง] ข้อความต้นฉบับจากคัมภีร์ ยังไม่ได้นำเข้า,หน้า 221
NR066/1,NR,แก้ไอไอ,ยาผง,[ตัวอย่าง] ข้อความต้นฉบับจากคัมภีร์ ยังไม่ได้นำเข้า,หน้า 103
NR067/1,NR,แก้ไข้ตัวร้อน,ยาผง,[ตัวอย่าง] ข้อความต้นฉบับจากคัมภีร์ ยังไม่ได้นำเข้า,หน้า 143
NR068/3,NR,แก้ไข้ตัวร้อน,ยาผง,[ตัวอย่าง] ข้อความต้นฉบับจากคัมภีร์ ยังไม่ได้นำเข้า,หน้า 187
WRO065/1,WRO,แก้ไข้กระหายน้ำ,ยาผง,[ตัวอย่าง] ข้อความต้นฉบับจากคัมภีร์ ยังไม่ได้นำเข้า,หน้า 184
NR069/3,NR,แก้ไอเจ็บคอ,ยาลูกกลอน,[ตัวอย่าง] ข้อความต้นฉบับจากคัมภีร์ ยังไม่ได้นำเข้า,หน้า 4
NR070/1,NR,แก้ไข้ปวดศีรษะ,ยาผง,[ตัวอย่าง] ข้อความต้นฉบับจากคัมภีร์ ยังไม่ได้นำเข้า,หน้า 183
NR071/1,NR,แก้ท้องอืดเบื่ออาหาร,ยาผง,[ตัวอย่าง] ข้อความต้นฉบับจากคัมภีร์ ยังไม่ได้นำเข้า,หน้า 37
NR072/3,NR,แก้ไข้หนาวสั่น,ยาผง,[ตัวอย่าง] ข้อความต้นฉบับจากคัมภีร์ ยังไม่ได้นำเข้า,หน้า 217
WRO066/1,WRO,แก้ไข้หนาวสั่น,ยาต้ม,[ตัวอย่าง] ข้อความต้นฉบับจากคัมภีร์ ยังไม่ได้นำเข้า,หน้า 94
NR073/1,NR,แก้ไข้ตัวร้อน,ยาต้ม,[ตัวอย่าง] ข้อความต้นฉบับจากคัมภีร์ ยังไม่ได้นำเข้า,หน้า 62
WRO067/2,WRO,แก้ท้องอืดคลื่นไส้,ยาดอง,[ตัวอย่าง] ข้อความต้นฉบับจากคัมภีร์ ยังไม่ได้นำเข้า,หน้า 123
WRO068/2,WRO,แก้ท้องอืดท้องร่วง,ยาผง,[ตัวอย่าง] ข้อความต้นฉบับจากคัมภีร์ ยังไม่ได้นำเข้า,หน้า 62
RM038/2,RM,แก้ไอแน่นหน้าอก,ยาดอง,[ตัวอย่าง] ข้อความต้นฉบับจากคัมภีร์ ยังไม่ได้นำเข้า,หน้า 124
NR074/3,NR,แก้ไอเจ็บคอ,ยาผง,[ตัวอย่าง] ข้อความต้นฉบับจากคัมภีร์ ยังไม่ได้นำเข้า,หน้า 116
