recipe_id,symptom_original,symptom_modern,mapping_reason,mapped_by
WRO001/2,ข้อบวม,,,
WRO001/2,ปวดข้อ,,,
WRO002/1,ไอ,,,
WRO003/1,ปวดข้อ,,,
WRO003/1,ปวดเมื่อย,,,
WRO004/3,ท้องอืด,,,
WRO004/3,จุกเสียด,,,
WRO005/1,เวียนหัว,,,
WRO005/1,อ่อนเพลีย,,,
WRO006/1,ตัวร้อน,,,
WRO006/1,คลื่นไส้,,,
WRO007/2,ข้อบวม,,,
WRO007/2,ไข้,,,
WRO008/1,ท้องร่วง,,,
WRO008/1,ท้องอืด,,,
WRO008/1,เจ็บคอ,,,
WRO009/1,ไข้,,,
WRO009/1,ตัวร้อน,,,
WRO009/1,ปวดศีรษะ,,,
WRO010/1,หน้ามืด,,,
WRO011/3,เวียนหัว,,,
WRO011/3,หน้ามืด,,,
WRO012/1,หน้ามืด,,,
WRO012/1,เวียนหัว,,,
WRO013/1,จุกเสียด,,,
WRO014/1,จุกเสียด,,,
WRO014/1,ท้องร่วง,,,
WRO015/3,ตัวร้อน,,,
WRO016/1,ปวดเมื่อย,,,
WRO016/1,ปวดข้อ,,,
WRO017/3,ปวดเมื่อย,,,
WRO017/3,ข้อบวม,,,
WRO018/2,หน้ามืด,,,
WRO018/2,เวียนหัว,,,
WRO018/2,อ่อนเพลีย,,,
WRO019/3,แน่นหน้าอก,,,
WRO019/3,ไอ,,,
WRO019/3,มีเสมหะ,,,
WRO020/1,ตัวร้อน,,,
WRO020/1,หนาวสั่น,,,
WRO021/1,ปวดเมื่อย,,,
WRO021/1,ข้อบวม,,,
WRO021/1,ปวดข้อ,,,
WRO022/2,เจ็บคอ,,,
WRO022/2,ไอ,,,
WRO022/2,แน่นหน้าอก,,,
WRO023/1,มีเสมหะ,,,
WRO023/1,แน่นหน้าอก,,,
WRO024/3,ไอ,,,
WRO024/3,มีเสมหะ,,,
WRO024/3,เจ็บคอ,,,
WRO025/3,เวียนหัว,,,
WRO025/3,อ่อนเพลีย,,,
WRO025/3,หน้ามืด,,,
WRO026/3,คลื่นไส้,,,
WRO026/3,ท้องอืด,,,
WRO026/3,ท้องร่วง,,,
WRO027/1,จุกเสียด,,,
WRO027/1,ท้องอืด,,,
WRO027/1,ท้องร่วง,,,
WRO028/1,มีเสมหะ,,,
WRO029/2,เวียนหัว,,,
WRO029/2,อ่อนเพลีย,,,
WRO029/2,หน้ามืด,,,
WRO030/3,ปวดเมื่อย,,,
WRO030/3,ข้อบวม,,,
WRO031/2,ท้องร่วง,,,
WRO032/1,ปวดเมื่อย,,,
WRO033/1,เจ็บคอ,,,
WRO033/1,มีเสมหะ,,,
WRO034/3,ปวดศีรษะ,,,
WRO035/1,ไข้,,,
WRO035/1,หนาวสั่น,,,
WRO036/3,ข้อบวม,,,
WRO037/2,มีเสมหะ,,,
WRO037/2,เจ็บคอ,,,
WRO038/3,หน้ามืด,,,
WRO038/3,เวียนหัว,,,
WRO038/3,อ่อนเพลีย,,,
WRO039/2,ตัวร้อน,,,
WRO039/2,หนาวสั่น,,,
WRO039/2,ไข้,,,
WRO040/2,ตัวร้อน,,,
WRO041/2,เวียนหัว,,,
WRO041/2,อ่อนเพลีย,,,
WRO041/2,หน้ามืด,,,
WRO042/2,อ่อนเพลีย,,,
WRO043/1,แน่นหน้าอก,,,
WRO044/3,คลื่นไส้,,,
WRO045/3,อ่อนเพลีย,,,
WRO046/2,อ่อนเพลีย,,,
WRO046/2,หน้ามืด,,,
WRO047/3,ไข้,,,
WRO048/3,เวียนหัว,,,
WRO048/3,อ่อนเพลีย,,,
WRO048/3,หน้ามืด,,,
WRO049/2,แน่นหน้าอก,,,
WRO050/3,ไอ,,,
WRO051/2,ปวดเมื่อย,,,
WRO052/1,จุกเสียด,,,
WRO053/3,ท้องร่วง,,,
WRO053/3,ท้องอืด,,,
WRO054/2,ไข้,,,
WRO055/1,คลื่นไส้,,,
WRO055/1,ท้องร่วง,,,
WRO055/1,จุกเสียด,,,
WRO055/1,ปวดข้อ,,,
WRO056/1,มีเสมหะ,,,
WRO056/1,ไอ,,,
WRO057/1,ไอ,,,
WRO057/1,เจ็บคอ,,,
WRO058/1,ข้อบวม,,,
WRO058/1,ปวดเมื่อย,,,
WRO059/1,จุกเสียด,,,
WRO060/3,ไอ,,,
WRO060/3,แน่นหน้าอก,,,
WRO061/1,หน้ามืด,,,
WRO061/1,เวียนหัว,,,
WRO061/1,อ่อนเพลีย,,,
WRO062/1,หน้ามืด,,,
WRO063/3,ปวดเมื่อย,,,
WRO063/3,ปวดข้อ,,,
WRO064/2,ข้อบวม,,,
WRO064/2,ปวดข้อ,,,
WRO065/1,ปวดเมื่อย,,,
WRO066/2,ข้อบวม,,,
WRO066/2,ปวดเมื่อย,,,
WRO066/2,ปวดข้อ,,,
WRO067/3,เวียนหัว,,,
WRO068/2,ข้อบวม,,,
WRO068/2,ปวดข้อ,,,
WRO068/2,ปวดเมื่อย,,,
WRO069/2,ปวดศีรษะ,,,
WRO069/2,ไข้,,,
WRO069/2,ตัวร้อน,,,
WRO069/2,อ่อนเพลีย,,,
WRO070/3,ท้องร่วง,,,
WRO070/3,ท้องอืด,,,
WRO071/3,ตัวร้อน,,,
WRO072/1,อ่อนเพลีย,,,
WRO072/1,เวียนหัว,,,
WRO072/1,หน้ามืด,,,
WRO073/3,หน้ามืด,,,
WRO073/3,เวียนหัว,,,
WRO074/3,ไอ,,,
WRO075/2,หน้ามืด,,,
WRO076/3,อ่อนเพลีย,,,
WRO076/3,เวียนหัว,,,
WRO076/3,หน้ามืด,,,
WRO077/2,ปวดข้อ,,,
WRO077/2,ข้อบวม,,,
WRO078/3,ตัวร้อน,,,
WRO078/3,ปวดศีรษะ,,,
WRO079/1,อ่อนเพลีย,,,
WRO080/1,ปวดข้อ,,,
WRO080/1,ปวดเมื่อย,,,
WRO081/1,หนาวสั่น,,,
WRO081/1,ตัวร้อน,,,
WRO081/1,ปวดศีรษะ,,,
WRO082/1,หน้ามืด,,,
WRO083/3,ไข้,,,
WRO083/3,ตัวร้อน,,,
WRO083/3,ปวดศีรษะ,,,
WRO083/3,ท้องอืด,,,
WRO084/1,เวียนหัว,,,
WRO084/1,อ่อนเพลีย,,,
WRO085/1,ท้องอืด,,,
WRO085/1,ท้องร่วง,,,
WRO086/3,เวียนหัว,,,
WRO086/3,อ่อนเพลีย,,,
WRO087/1,หน้ามืด,,,
WRO088/2,คลื่นไส้,,,
WRO088/2,ท้องอืด,,,
WRO089/2,แน่นหน้าอก,,,
WRO089/2,เจ็บคอ,,,
WRO089/2,ไอ,,,
WRO090/1,คลื่นไส้,,,
WRO090/1,จุกเสียด,,,
WRO090/1,ท้องร่วง,,,
WRO091/2,ปวดเมื่อย,,,
WRO091/2,ท้องอืด,,,
WRO092/3,หนาวสั่น,,,
WRO093/1,เวียนหัว,,,
WRO093/1,หน้ามืด,,,
WRO094/3,เวียนหัว,,,
WRO094/3,หน้ามืด,,,
WRO095/2,เวียนหัว,,,
WRO096/2,หนาวสั่น,,,
WRO096/2,ปวดศีรษะ,,,
WRO096/2,ตัวร้อน,,,
WRO096/2,ท้องอืด,,,
WRO097/3,ตัวร้อน,,,
WRO097/3,หนาวสั่น,,,
WRO097/3,ปวดศีรษะ,,,
WRO098/1,ไข้,,,
WRO098/1,ปวดศีรษะ,,,
WRO098/1,ตัวร้อน,,,
WRO099/1,เวียนหัว,,,
WRO100/1,หนาวสั่น,,,
WRO100/1,ไข้,,,
WRO101/2,หนาวสั่น,,,
WRO101/2,ปวดศีรษะ,,,
WRO101/2,ตัวร้อน,,,
WRO102/2,ปวดเมื่อย,,,
WRO102/2,ปวดข้อ,,,
WRO103/1,อ่อนเพลีย,,,
WRO103/1,เวียนหัว,,,
WRO104/1,มีเสมหะ,,,
WRO105/3,ปวดเมื่อย,,,
WRO105/3,ข้อบวม,,,
WRO105/3,ปวดข้อ,,,
WRO106/2,ตัวร้อน,,,
WRO107/2,หนาวสั่น,,,
WRO107/2,ท้องอืด,,,
WRO108/3,ปวดข้อ,,,
WRO108/3,ข้อบวม,,,
WRO108/3,ปวดเมื่อย,,,
WRO109/3,ปวดศีรษะ,,,
WRO109/3,ตัวร้อน,,,
WRO109/3,หนาวสั่น,,,
WRO110/2,หน้ามืด,,,
WRO111/2,คลื่นไส้,,,
WRO111/2,จุกเสียด,,,
WRO112/2,ไอ,,,
WRO113/2,ตัวร้อน,,,
WRO113/2,หนาวสั่น,,,
WRO114/3,ปวดข้อ,,,
WRO114/3,ข้อบวม,,,
WRO115/2,ตัวร้อน,,,
WRO115/2,ปวดศีรษะ,,,
WRO116/3,ปวดข้อ,,,
WRO116/3,หน้ามืด,,,
WRO117/1,แน่นหน้าอก,,,
WRO117/1,เจ็บคอ,,,
WRO117/1,มีเสมหะ,,,
WRO118/3,ปวดเมื่อย,,,
WRO118/3,ข้อบวม,,,
WRO119/2,เวียนหัว,,,
WRO119/2,หน้ามืด,,,
WRO120/1,เจ็บคอ,,,
WRO120/1,แน่นหน้าอก,,,
WRO120/1,ไอ,,,
NR001/3,คลื่นไส้,,,
NR002/2,เจ็บคอ,,,
NR002/2,แน่นหน้าอก,,,
NR002/2,มีเสมหะ,,,
NR003/1,ท้องร่วง,,,
NR004/3,ปวดเมื่อย,,,
NR005/3,ข้อบวม,,,
NR006/2,ข้อบวม,,,
NR006/2,ปวดเมื่อย,,,
NR006/2,ปวดข้อ,,,
NR007/1,ปวดข้อ,,,
NR008/2,ท้องอืด,,,
NR009/3,จุกเสียด,,,
NR009/3,ท้องร่วง,,,
NR010/2,ท้องอืด,,,
NR010/2,คลื่นไส้,,,
NR010/2,จุกเสียด,,,
NR011/1,ข้อบวม,,,
NR012/2,หนาวสั่น,,,
NR013/1,ตัวร้อน,,,
NR013/1,ไข้,,,
NR013/1,หนาวสั่น,,,
NR014/2,ท้องอืด,,,
NR014/2,คลื่นไส้,,,
NR014/2,ท้องร่วง,,,
NR015/3,คลื่นไส้,,,
NR015/3,ท้องอืด,,,
NR015/3,จุกเสียด,,,
NR016/2,ปวดเมื่อย,,,
NR016/2,ปวดข้อ,,,
NR016/2,ข้อบวม,,,
NR017/1,อ่อนเพลีย,,,
NR017/1,หน้ามืด,,,
NR018/3,ไข้,,,
NR018/3,ปวดศีรษะ,,,
NR018/3,คลื่นไส้,,,
NR019/1,คลื่นไส้,,,
NR019/1,จุกเสียด,,,
NR019/1,ท้องอืด,,,
NR020/3,หนาวสั่น,,,
NR020/3,ไข้,,,
NR020/3,ตัวร้อน,,,
NR021/1,หน้ามืด,,,
NR021/1,อ่อนเพลีย,,,
NR021/1,เวียนหัว,,,
NR022/3,ไข้,,,
NR022/3,ตัวร้อน,,,
NR023/2,ข้อบวม,,,
NR023/2,เวียนหัว,,,
NR024/1,แน่นหน้าอก,,,
NR024/1,เจ็บคอ,,,
NR025/2,อ่อนเพลีย,,,
NR025/2,หน้ามืด,,,
NR026/1,คลื่นไส้,,,
NR026/1,จุกเสียด,,,
NR027/2,ปวดศีรษะ,,,
NR027/2,ตัวร้อน,,,
NR027/2,หนาวสั่น,,,
NR028/2,ตัวร้อน,,,
NR028/2,ปวดศีรษะ,,,
NR029/1,เจ็บคอ,,,
NR030/2,มีเสมหะ,,,
NR030/2,ไอ,,,
NR031/3,ไอ,,,
NR031/3,แน่นหน้าอก,,,
NR032/2,ไข้,,,
NR032/2,ตัวร้อน,,,
NR033/1,หน้ามืด,,,
NR034/3,เวียนหัว,,,
NR034/3,หน้ามืด,,,
NR035/2,ท้องร่วง,,,
NR035/2,คลื่นไส้,,,
NR035/2,ท้องอืด,,,
NR036/2,หนาวสั่น,,,
NR036/2,ตัวร้อน,,,
NR036/2,ไข้,,,
NR037/3,เวียนหัว,,,
NR037/3,หน้ามืด,,,
NR037/3,ปวดเมื่อย,,,
NR038/3,ท้องอืด,,,
NR038/3,ท้องร่วง,,,
NR038/3,ไอ,,,
NR039/3,เจ็บคอ,,,
NR040/3,ท้องร่วง,,,
NR040/3,จุกเสียด,,,
NR040/3,ท้องอืด,,,
NR041/1,อ่อนเพลีย,,,
NR041/1,เวียนหัว,,,
NR041/1,หน้ามืด,,,
NR042/2,อ่อนเพลีย,,,
NR043/2,ท้องอืด,,,
NR044/3,ท้องร่วง,,,
NR044/3,คลื่นไส้,,,
NR045/3,ท้องร่วง,,,
NR046/3,ไอ,,,
NR047/1,เวียนหัว,,,
NR047/1,อ่อนเพลีย,,,
NR048/1,ปวดศีรษะ,,,
NR049/1,แน่นหน้าอก,,,
NR049/1,ไอ,,,
NR049/1,มีเสมหะ,,,
NR050/1,อ่อนเพลีย,,,
NR051/3,ท้องอืด,,,
NR051/3,คลื่นไส้,,,
NR051/3,อ่อนเพลีย,,,
NR052/1,หนาวสั่น,,,
NR052/1,ปวดศีรษะ,,,
NR052/1,ไข้,,,
NR053/2,เวียนหัว,,,
NR053/2,หน้ามืด,,,
NR054/3,เวียนหัว,,,
NR054/3,อ่อนเพลีย,,,
NR054/3,หน้ามืด,,,
NR055/2,อ่อนเพลีย,,,
NR056/1,ปวดเมื่อย,,,
NR057/1,เจ็บคอ,,,
NR057/1,ไอ,,,
NR058/2,ตัวร้อน,,,
NR058/2,หนาวสั่น,,,
NR059/3,ตัวร้อน,,,
NR059/3,หนาวสั่น,,,
NR059/3,ปวดศีรษะ,,,
NR060/3,หน้ามืด,,,
NR060/3,เวียนหัว,,,
NR060/3,อ่อนเพลีย,,,
NR061/3,เจ็บคอ,,,
NR061/3,มีเสมหะ,,,
NR062/2,เวียนหัว,,,
NR062/2,หน้ามืด,,,
NR063/3,เวียนหัว,,,
NR063/3,อ่อนเพลีย,,,
NR063/3,หน้ามืด,,,
NR064/1,หน้ามืด,,,
NR064/1,เจ็บคอ,,,
NR065/1,แน่นหน้าอก,,,
NR065/1,มีเสมหะ,,,
NR066/2,มีเสมหะ,,,
NR066/2,แน่นหน้าอก,,,
NR066/2,ไอ,,,
NR067/1,มีเสมหะ,,,
NR068/2,หนาวสั่น,,,
NR069/3,ตัวร้อน,,,
NR069/3,ไข้,,,
NR070/1,ตัวร้อน,,,
NR070/1,ปวดศีรษะ,,,
NR070/1,ไข้,,,
NR071/2,เจ็บคอ,,,
NR072/2,แน่นหน้าอก,,,
NR072/2,มีเสมหะ,,,
NR072/2,เจ็บคอ,,,
NR072/2,ท้องร่วง,,,
NR073/2,ตัวร้อน,,,
NR073/2,หนาวสั่น,,,
NR073/2,ปวดศีรษะ,,,
NR074/1,ท้องร่วง,,,
NR074/1,ท้องอืด,,,
NR074/1,จุกเสียด,,,
NR075/3,เวียนหัว,,,
NR076/2,หน้ามืด,,,
NR076/2,เวียนหัว,,,
NR077/3,จุกเสียด,,,
NR078/3,เจ็บคอ,,,
NR078/3,ไอ,,,
NR079/2,ไข้,,,
NR079/2,ตัวร้อน,,,
NR079/2,ปวดศีรษะ,,,
NR080/3,อ่อนเพลีย,,,
NR080/3,เวียนหัว,,,
NR080/3,ปวดข้อ,,,
NR081/3,จุกเสียด,,,
NR081/3,ท้องร่วง,,,
NR082/3,ตัวร้อน,,,
NR082/3,ปวดศีรษะ,,,
NR083/1,ไอ,,,
NR083/1,เจ็บคอ,,,
NR084/2,ปวดเมื่อย,,,
NR084/2,เวียนหัว,,,
NR085/2,แน่นหน้าอก,,,
