recipe_id,herb_name_original,herb_id,part_used,qty_original,unit_original,qty_percent,qty_rule,from_group
WRO001/2,กระเทียม,,,3,สลึง,50.0,สัดส่วนจากหน่วยเดียวกัน (สลึง),
WRO001/2,ว่านน้ำ,,,2,สลึง,33.3,สัดส่วนจากหน่วยเดียวกัน (สลึง),
WRO001/2,แห้วหมู,,,1,สลึง,16.7,สัดส่วนจากหน่วยเดียวกัน (สลึง),
WRO002/1,ตรีกฏุก,,,2,สลึง,15.4,สัดส่วนจากหน่วยเดียวกัน (สลึง),
WRO002/1,ชะเอมเทศ,,,5,สลึง,38.5,สัดส่วนจากหน่วยเดียวกัน (สลึง),
WRO002/1,มะขามป้อม,,,6,สลึง,46.2,สัดส่วนจากหน่วยเดียวกัน (สลึง),
WRO003/1,ไพล,,,1,ส่วน,3.7,สัดส่วนจากหน่วยเดียวกัน (ส่วน),
WRO003/1,ขมิ้นชัน,,,8,ส่วน,29.6,สัดส่วนจากหน่วยเดียวกัน (ส่วน),
WRO003/1,เถาวัลย์เปรียง,,,7,ส่วน,25.9,สัดส่วนจากหน่วยเดียวกัน (ส่วน),
WRO003/1,ขิง,,,7,ส่วน,25.9,สัดส่วนจากหน่วยเดียวกัน (ส่วน),
WRO003/1,พริกไทย,,,4,ส่วน,14.8,สัดส่วนจากหน่วยเดียวกัน (ส่วน),
WRO004/3,ขิง,,,8,สลึง,36.4,สัดส่วนจากหน่วยเดียวกัน (สลึง),
WRO004/3,มะกรูด,,,4,สลึง,18.2,สัดส่วนจากหน่วยเดียวกัน (สลึง),
WRO004/3,อบเชย,,,3,สลึง,13.6,สัดส่วนจากหน่วยเดียวกัน (สลึง),
WRO004/3,ไคร้เครือ,,,7,สลึง,31.8,สัดส่วนจากหน่วยเดียวกัน (สลึง),
WRO005/1,ดอกจันทน์,,,6,บาท,30.0,สัดส่วนจากหน่วยเดียวกัน (บาท),
WRO005/1,มะขามป้อม,,,5,บาท,25.0,สัดส่วนจากหน่วยเดียวกัน (บาท),
WRO005/1,ขมิ้นชัน,,,7,บาท,35.0,สัดส่วนจากหน่วยเดียวกัน (บาท),
WRO005/1,มะกรูด,,,2,บาท,10.0,สัดส่วนจากหน่วยเดียวกัน (บาท),
WRO006/1,บอระเพ็ด,,,4,บาท,22.2,สัดส่วนจากหน่วยเดียวกัน (บาท),
WRO006/1,ชะเอมเทศ,,,3,บาท,16.7,สัดส่วนจากหน่วยเดียวกัน (บาท),
WRO006/1,ว่านน้ำ,,,4,บาท,22.2,สัดส่วนจากหน่วยเดียวกัน (บาท),
WRO006/1,กานพลู,,,7,บาท,38.9,สัดส่วนจากหน่วยเดียวกัน (บาท),
WRO007/2,เถาวัลย์เปรียง,,,2,บาท,12.5,สัดส่วนจากหน่วยเดียวกัน (บาท),
WRO007/2,กระวาน,,,5,บาท,31.2,สัดส่วนจากหน่วยเดียวกัน (บาท),
WRO007/2,โกฐหัวบัว,,,4,บาท,25.0,สัดส่วนจากหน่วยเดียวกัน (บาท),
WRO007/2,ชะเอมเทศ,,,4,บาท,25.0,สัดส่วนจากหน่วยเดียวกัน (บาท),
WRO007/2,เจตมูลเพลิงแดง,,,1,บาท,6.2,สัดส่วนจากหน่วยเดียวกัน (บาท),
WRO008/1,สมอไทย,,,3,สลึง,18.8,สัดส่วนจากหน่วยเดียวกัน (สลึง),
WRO008/1,สมอพิเภก,,,1,สลึง,6.2,สัดส่วนจากหน่วยเดียวกัน (สลึง),
WRO008/1,มะขามป้อม,,,1,สลึง,6.2,สัดส่วนจากหน่วยเดียวกัน (สลึง),
WRO008/1,ขิง,,,6,สลึง,37.5,สัดส่วนจากหน่วยเดียวกัน (สลึง),
WRO008/1,มะกรูด,,,5,สลึง,31.2,สัดส่วนจากหน่วยเดียวกัน (สลึง),
WRO009/1,ขิง,,,6,ส่วน,27.3,สัดส่วนจากหน่วยเดียวกัน (ส่วน),
WRO009/1,ดีปลี,,,6,ส่วน,27.3,สัดส่วนจากหน่วยเดียวกัน (ส่วน),
WRO009/1,กระเทียม,,,2,ส่วน,9.1,สัดส่วนจากหน่วยเดียวกัน (ส่วน),
WRO009/1,สมอพิเภก,,,8,ส่วน,36.4,สัดส่วนจากหน่วยเดียวกัน (ส่วน),
WRO010/1,พริกล่อน,,,5,สลึง,16.7,สัดส่วนจากหน่วยเดียวกัน (สลึง),
WRO010/1,กระวาน,,,1,สลึง,3.3,สัดส่วนจากหน่วยเดียวกัน (สลึง),
WRO010/1,โกฐสอ,,,6,สลึง,20.0,สัดส่วนจากหน่วยเดียวกัน (สลึง),
WRO010/1,มะขามป้อม,,,5,สลึง,16.7,สัดส่วนจากหน่วยเดียวกัน (สลึง),
WRO010/1,กระเทียม,,,3,สลึง,10.0,สัดส่วนจากหน่วยเดียวกัน (สลึง),
WRO010/1,โกฐเขมา,,,4,สลึง,13.3,สัดส่วนจากหน่วยเดียวกัน (สลึง),
WRO010/1,ขิง,,,6,สลึง,20.0,สัดส่วนจากหน่วยเดียวกัน (สลึง),
WRO011/3,ว่านน้ำ,,,1,สลึง,9.1,สัดส่วนจากหน่วยเดียวกัน (สลึง),
WRO011/3,ดีปลี,,,2,สลึง,18.2,สัดส่วนจากหน่วยเดียวกัน (สลึง),
WRO011/3,เทียนดำ,,,5,สลึง,45.5,สัดส่วนจากหน่วยเดียวกัน (สลึง),
WRO011/3,มะขามป้อม,,,3,สลึง,27.3,สัดส่วนจากหน่วยเดียวกัน (สลึง),
WRO012/1,หว้านน้ำ,,,5,ส่วน,38.5,สัดส่วนจากหน่วยเดียวกัน (ส่วน),
WRO012/1,ดีปลี,,,1,ส่วน,7.7,สัดส่วนจากหน่วยเดียวกัน (ส่วน),
WRO012/1,กระเทียม,,,3,ส่วน,23.1,สัดส่วนจากหน่วยเดียวกัน (ส่วน),
WRO012/1,พริกไทย,,,4,ส่วน,30.8,สัดส่วนจากหน่วยเดียวกัน (ส่วน),
WRO013/1,กานพลู,,,5,ส่วน,25.0,สัดส่วนจากหน่วยเดียวกัน (ส่วน),
WRO013/1,ดอกจันทน์,,,3,ส่วน,15.0,สัดส่วนจากหน่วยเดียวกัน (ส่วน),
WRO013/1,ขิง,,,8,ส่วน,40.0,สัดส่วนจากหน่วยเดียวกัน (ส่วน),
WRO013/1,มะกรูด,,,1,ส่วน,5.0,สัดส่วนจากหน่วยเดียวกัน (ส่วน),
WRO013/1,ขมิ้นชัน,,,3,ส่วน,15.0,สัดส่วนจากหน่วยเดียวกัน (ส่วน),
WRO014/1,กานพลู,,,6,บาท,30.0,สัดส่วนจากหน่วยเดียวกัน (บาท),
WRO014/1,ดอกจันทน์,,,8,บาท,40.0,สัดส่วนจากหน่วยเดียวกัน (บาท),
WRO014/1,ว่านน้ำ,,,4,บาท,20.0,สัดส่วนจากหน่วยเดียวกัน (บาท),
WRO014/1,กระเทียม,,,2,บาท,10.0,สัดส่วนจากหน่วยเดียวกัน (บาท),
WRO015/3,โกฐเชียง,,,1,ส่วน,12.5,สัดส่วนจากหน่วยเดียวกัน (ส่วน),
WRO015/3,กระวาน,,,4,ส่วน,50.0,สัดส่วนจากหน่วยเดียวกัน (ส่วน),
WRO015/3,สมอพิเภก,,,2,ส่วน,25.0,สัดส่วนจากหน่วยเดียวกัน (ส่วน),
WRO015/3,พริกไทย,,,1,ส่วน,12.5,สัดส่วนจากหน่วยเดียวกัน (ส่วน),
WRO016/1,เทียนดำ,,,5,ส่วน,20.8,สัดส่วนจากหน่วยเดียวกัน (ส่วน),
WRO016/1,ไคร้เครือ,,,7,ส่วน,29.2,สัดส่วนจากหน่วยเดียวกัน (ส่วน),
WRO016/1,โกฐเขมา,,,4,ส่วน,16.7,สัดส่วนจากหน่วยเดียวกัน (ส่วน),
WRO016/1,กระเทียม,,,5,ส่วน,20.8,สัดส่วนจากหน่วยเดียวกัน (ส่วน),
WRO016/1,แห้วหมู,,,3,ส่วน,12.5,สัดส่วนจากหน่วยเดียวกัน (ส่วน),
WRO017/3,แห้วหมู,,,5,ส่วน,21.7,สัดส่วนจากหน่วยเดียวกัน (ส่วน),
WRO017/3,เจตมูลเพลิงแดง,,,4,ส่วน,17.4,สัดส่วนจากหน่วยเดียวกัน (ส่วน),
WRO017/3,มะกรูด,,,8,ส่วน,34.8,สัดส่วนจากหน่วยเดียวกัน (ส่วน),
WRO017/3,พริกไทย,,,6,ส่วน,26.1,สัดส่วนจากหน่วยเดียวกัน (ส่วน),
WRO018/2,หว้านน้ำ,,,4,บาท,13.8,สัดส่วนจากหน่วยเดียวกัน (บาท),
WRO018/2,ดีปลี,,,8,บาท,27.6,สัดส่วนจากหน่วยเดียวกัน (บาท),
WRO018/2,กระวาน,,,2,บาท,6.9,สัดส่วนจากหน่วยเดียวกัน (บาท),
WRO018/2,ดอกจันทน์,,,8,บาท,27.6,สัดส่วนจากหน่วยเดียวกัน (บาท),
WRO018/2,ลูกจันทน์,,,2,บาท,6.9,สัดส่วนจากหน่วยเดียวกัน (บาท),
WRO018/2,ไคร้เครือ,,,5,บาท,17.2,สัดส่วนจากหน่วยเดียวกัน (บาท),
WRO019/3,ขมิ้นชัน,,,6,ส่วน,30.0,สัดส่วนจากหน่วยเดียวกัน (ส่วน),
WRO019/3,เจตมูลเพลิงแดง,,,6,ส่วน,30.0,สัดส่วนจากหน่วยเดียวกัน (ส่วน),
WRO019/3,โกฐจุฬาลัมพา,,,4,ส่วน,20.0,สัดส่วนจากหน่วยเดียวกัน (ส่วน),
WRO019/3,บอระเพ็ด,,,4,ส่วน,20.0,สัดส่วนจากหน่วยเดียวกัน (ส่วน),
WRO020/1,ขิงแห้ง,,,4,ส่วน,23.5,สัดส่วนจากหน่วยเดียวกัน (ส่วน),
WRO020/1,ดีปลี,,,2,ส่วน,11.8,สัดส่วนจากหน่วยเดียวกัน (ส่วน),
WRO020/1,แห้วหมู,,,8,ส่วน,47.1,สัดส่วนจากหน่วยเดียวกัน (ส่วน),
WRO020/1,ดอกจันทน์,,,2,ส่วน,11.8,สัดส่วนจากหน่วยเดียวกัน (ส่วน),
WRO020/1,ขมิ้นชัน,,,1,ส่วน,5.9,สัดส่วนจากหน่วยเดียวกัน (ส่วน),
WRO021/1,ไพล,,,8,บาท,30.8,สัดส่วนจากหน่วยเดียวกัน (บาท),
WRO021/1,ขมิ้นชัน,,,2,บาท,7.7,สัดส่วนจากหน่วยเดียวกัน (บาท),
WRO021/1,เถาวัลย์เปรียง,,,2,บาท,7.7,สัดส่วนจากหน่วยเดียวกัน (บาท),
WRO021/1,ขิง,,,8,บาท,30.8,สัดส่วนจากหน่วยเดียวกัน (บาท),
WRO021/1,พริกไทย,,,6,บาท,23.1,สัดส่วนจากหน่วยเดียวกัน (บาท),
WRO022/2,ตรีกฏุก,,,4,บาท,20.0,สัดส่วนจากหน่วยเดียวกัน (บาท),
WRO022/2,บอระเพ็ด,,,6,บาท,30.0,สัดส่วนจากหน่วยเดียวกัน (บาท),
WRO022/2,มะกรูด,,,5,บาท,25.0,สัดส่วนจากหน่วยเดียวกัน (บาท),
WRO022/2,โกฐเชียง,,,5,บาท,25.0,สัดส่วนจากหน่วยเดียวกัน (บาท),
WRO023/1,พริกล่อน,,,6,ส่วน,35.3,สัดส่วนจากหน่วยเดียวกัน (ส่วน),
WRO023/1,การบูร,,,4,ส่วน,23.5,สัดส่วนจากหน่วยเดียวกัน (ส่วน),
WRO023/1,มะกรูด,,,7,ส่วน,41.2,สัดส่วนจากหน่วยเดียวกัน (ส่วน),
WRO024/3,มะขามป้อม,,,5,บาท,25.0,สัดส่วนจากหน่วยเดียวกัน (บาท),
WRO024/3,มะกรูด,,,6,บาท,30.0,สัดส่วนจากหน่วยเดียวกัน (บาท),
WRO024/3,กระวาน,,,7,บาท,35.0,สัดส่วนจากหน่วยเดียวกัน (บาท),
WRO024/3,ดีปลี,,,2,บาท,10.0,สัดส่วนจากหน่วยเดียวกัน (บาท),
WRO025/3,ว่านน้ำ,,,5,สลึง,17.2,สัดส่วนจากหน่วยเดียวกัน (สลึง),
WRO025/3,ดีปลี,,,6,สลึง,20.7,สัดส่วนจากหน่วยเดียวกัน (สลึง),
WRO025/3,โกฐทั้ง 5,,,5,สลึง,17.2,สัดส่วนจากหน่วยเดียวกัน (สลึง),
WRO025/3,แห้วหมู,,,8,สลึง,27.6,สัดส่วนจากหน่วยเดียวกัน (สลึง),
WRO025/3,บอระเพ็ด,,,5,สลึง,17.2,สัดส่วนจากหน่วยเดียวกัน (สลึง),
WRO026/3,ดีปลี,,,4,บาท,20.0,สัดส่วนจากหน่วยเดียวกัน (บาท),
WRO026/3,โกฐสอ,,,2,บาท,10.0,สัดส่วนจากหน่วยเดียวกัน (บาท),
WRO026/3,พริกล่อน,,,8,บาท,40.0,สัดส่วนจากหน่วยเดียวกัน (บาท),
WRO026/3,ไพล,,,2,บาท,10.0,สัดส่วนจากหน่วยเดียวกัน (บาท),
WRO026/3,กระวาน,,,4,บาท,20.0,สัดส่วนจากหน่วยเดียวกัน (บาท),
WRO027/1,ขิงแห้ง,,,6,ส่วน,24.0,สัดส่วนจากหน่วยเดียวกัน (ส่วน),
WRO027/1,มะกรูด,,,5,ส่วน,20.0,สัดส่วนจากหน่วยเดียวกัน (ส่วน),
WRO027/1,ตะไคร้,,,5,ส่วน,20.0,สัดส่วนจากหน่วยเดียวกัน (ส่วน),
WRO027/1,สมอพิเภก,,,4,ส่วน,16.0,สัดส่วนจากหน่วยเดียวกัน (ส่วน),
WRO027/1,โกฐหัวบัว,,,5,ส่วน,20.0,สัดส่วนจากหน่วยเดียวกัน (ส่วน),
WRO028/1,ตรีกฏุก,,,3,สลึง,11.1,สัดส่วนจากหน่วยเดียวกัน (สลึง),
WRO028/1,ขิง,,,6,สลึง,22.2,สัดส่วนจากหน่วยเดียวกัน (สลึง),
WRO028/1,ดีปลี,,,8,สลึง,29.6,สัดส่วนจากหน่วยเดียวกัน (สลึง),
WRO028/1,พริกไทย,,,4,สลึง,14.8,สัดส่วนจากหน่วยเดียวกัน (สลึง),
WRO028/1,ชะเอมเทศ,,,6,สลึง,22.2,สัดส่วนจากหน่วยเดียวกัน (สลึง),
WRO029/2,ไพล,,,6,ส่วน,20.7,สัดส่วนจากหน่วยเดียวกัน (ส่วน),
WRO029/2,มะขามป้อม,,,2,ส่วน,6.9,สัดส่วนจากหน่วยเดียวกัน (ส่วน),
WRO029/2,สมอพิเภก,,,8,ส่วน,27.6,สัดส่วนจากหน่วยเดียวกัน (ส่วน),
WRO029/2,ขมิ้นชัน,,,6,ส่วน,20.7,สัดส่วนจากหน่วยเดียวกัน (ส่วน),
WRO029/2,สมอไท,,,7,ส่วน,24.1,สัดส่วนจากหน่วยเดียวกัน (ส่วน),
WRO030/3,เถาวัลย์เปรียง,,,2,ส่วน,7.1,สัดส่วนจากหน่วยเดียวกัน (ส่วน),
WRO030/3,ขิง,,,8,ส่วน,28.6,สัดส่วนจากหน่วยเดียวกัน (ส่วน),
WRO030/3,พริกไทย,,,5,ส่วน,17.9,สัดส่วนจากหน่วยเดียวกัน (ส่วน),
WRO030/3,ชะเอมเทศ,,,8,ส่วน,28.6,สัดส่วนจากหน่วยเดียวกัน (ส่วน),
WRO030/3,การบูร,,,5,ส่วน,17.9,สัดส่วนจากหน่วยเดียวกัน (ส่วน),
WRO031/2,ขิง,,,3,สลึง,21.4,สัดส่วนจากหน่วยเดียวกัน (สลึง),
WRO031/2,มะกรูด,,,3,สลึง,21.4,สัดส่วนจากหน่วยเดียวกัน (สลึง),
WRO031/2,ตะไคร้,,,2,สลึง,14.3,สัดส่วนจากหน่วยเดียวกัน (สลึง),
WRO031/2,ไคร้เครือ,,,5,สลึง,35.7,สัดส่วนจากหน่วยเดียวกัน (สลึง),
WRO031/2,โกฐเชียง,,,1,สลึง,7.1,สัดส่วนจากหน่วยเดียวกัน (สลึง),
WRO032/1,ไพล,,,2,บาท,10.5,สัดส่วนจากหน่วยเดียวกัน (บาท),
WRO032/1,ขมิ้นชัน,,,6,บาท,31.6,สัดส่วนจากหน่วยเดียวกัน (บาท),
WRO032/1,เถาวัลย์เปรียง,,,2,บาท,10.5,สัดส่วนจากหน่วยเดียวกัน (บาท),
WRO032/1,พริกล่อน,,,2,บาท,10.5,สัดส่วนจากหน่วยเดียวกัน (บาท),
WRO032/1,แห้วหมู,,,7,บาท,36.8,สัดส่วนจากหน่วยเดียวกัน (บาท),
WRO033/1,ตรีกฏุก,,,2,ส่วน,11.8,สัดส่วนจากหน่วยเดียวกัน (ส่วน),
WRO033/1,โกฐเชียง,,,8,ส่วน,47.1,สัดส่วนจากหน่วยเดียวกัน (ส่วน),
WRO033/1,อบเชย,,,1,ส่วน,5.9,สัดส่วนจากหน่วยเดียวกัน (ส่วน),
WRO033/1,เถาวัลย์เปรียง,,,6,ส่วน,35.3,สัดส่วนจากหน่วยเดียวกัน (ส่วน),
WRO034/3,บอระเพ็ด,,,8,ส่วน,44.4,สัดส่วนจากหน่วยเดียวกัน (ส่วน),
WRO034/3,ขมิ้นชัน,,,5,ส่วน,27.8,สัดส่วนจากหน่วยเดียวกัน (ส่วน),
WRO034/3,ตะไคร้,,,2,ส่วน,11.1,สัดส่วนจากหน่วยเดียวกัน (ส่วน),
WRO034/3,สมอไทย,,,3,ส่วน,16.7,สัดส่วนจากหน่วยเดียวกัน (ส่วน),
WRO035/1,บอระเพ็ด,,,8,สลึง,23.5,สัดส่วนจากหน่วยเดียวกัน (สลึง),
WRO035/1,กานพลู,,,5,สลึง,14.7,สัดส่วนจากหน่วยเดียวกัน (สลึง),
WRO035/1,ดอกจันทน์,,,8,สลึง,23.5,สัดส่วนจากหน่วยเดียวกัน (สลึง),
WRO035/1,ลูกจันทน์,,,7,สลึง,20.6,สัดส่วนจากหน่วยเดียวกัน (สลึง),
WRO035/1,อบเชย,,,6,สลึง,17.6,สัดส่วนจากหน่วยเดียวกัน (สลึง),
WRO036/3,ไพล,,,8,บาท,19.0,สัดส่วนจากหน่วยเดียวกัน (บาท),
WRO036/3,ขมิ้นชัน,,,6,บาท,14.3,สัดส่วนจากหน่วยเดียวกัน (บาท),
WRO036/3,เถาวัลย์เปรียง,,,8,บาท,19.0,สัดส่วนจากหน่วยเดียวกัน (บาท),
WRO036/3,ขิง,,,7,บาท,16.7,สัดส่วนจากหน่วยเดียวกัน (บาท),
WRO036/3,พริกไทย,,,3,บาท,7.1,สัดส่วนจากหน่วยเดียวกัน (บาท),
WRO036/3,เจตมูลเพลิงแดง,,,7,บาท,16.7,สัดส่วนจากหน่วยเดียวกัน (บาท),
WRO036/3,โกฐเขมา,,,3,บาท,7.1,สัดส่วนจากหน่วยเดียวกัน (บาท),
WRO037/2,ชะเอมเทศ,,,5,บาท,16.1,สัดส่วนจากหน่วยเดียวกัน (บาท),
WRO037/2,ขิงแห้ง,,,7,บาท,22.6,สัดส่วนจากหน่วยเดียวกัน (บาท),
WRO037/2,โกฐหัวบัว,,,4,บาท,12.9,สัดส่วนจากหน่วยเดียวกัน (บาท),
WRO037/2,พริกไทย,,,2,บาท,6.5,สัดส่วนจากหน่วยเดียวกัน (บาท),
WRO037/2,กระวาน,,,8,บาท,25.8,สัดส่วนจากหน่วยเดียวกัน (บาท),
WRO037/2,อบเชย,,,4,บาท,12.9,สัดส่วนจากหน่วยเดียวกัน (บาท),
WRO037/2,มะกรูด,,,1,บาท,3.2,สัดส่วนจากหน่วยเดียวกัน (บาท),
WRO038/3,สมอพิเภก,,,8,บาท,42.1,สัดส่วนจากหน่วยเดียวกัน (บาท),
WRO038/3,ตะไคร้,,,4,บาท,21.1,สัดส่วนจากหน่วยเดียวกัน (บาท),
WRO038/3,มะกรูด,,,5,บาท,26.3,สัดส่วนจากหน่วยเดียวกัน (บาท),
WRO038/3,โกฐสอ,,,2,บาท,10.5,สัดส่วนจากหน่วยเดียวกัน (บาท),
WRO039/2,ขิง,,,5,บาท,18.5,สัดส่วนจากหน่วยเดียวกัน (บาท),
WRO039/2,ดีปลี,,,8,บาท,29.6,สัดส่วนจากหน่วยเดียวกัน (บาท),
WRO039/2,สมอไทย,,,6,บาท,22.2,สัดส่วนจากหน่วยเดียวกัน (บาท),
WRO039/2,แห้วหมู,,,8,บาท,29.6,สัดส่วนจากหน่วยเดียวกัน (บาท),
WRO040/2,ขิงแห้ง,,,2,ส่วน,11.1,สัดส่วนจากหน่วยเดียวกัน (ส่วน),
WRO040/2,ดีปลี,,,7,ส่วน,38.9,สัดส่วนจากหน่วยเดียวกัน (ส่วน),
WRO040/2,กานพลู,,,7,ส่วน,38.9,สัดส่วนจากหน่วยเดียวกัน (ส่วน),
WRO040/2,มะขามป้อม,,,2,ส่วน,11.1,สัดส่วนจากหน่วยเดียวกัน (ส่วน),
WRO041/2,ว่านน้ำ,,,1,ส่วน,4.5,สัดส่วนจากหน่วยเดียวกัน (ส่วน),
WRO041/2,ดีปลี,,,5,ส่วน,22.7,สัดส่วนจากหน่วยเดียวกัน (ส่วน),
WRO041/2,กระวาน,,,6,ส่วน,27.3,สัดส่วนจากหน่วยเดียวกัน (ส่วน),
WRO041/2,ดอกจันทน์,,,4,ส่วน,18.2,สัดส่วนจากหน่วยเดียวกัน (ส่วน),
WRO041/2,ลูกจันทน์,,,6,ส่วน,27.3,สัดส่วนจากหน่วยเดียวกัน (ส่วน),
WRO042/2,อบเชย,,,4,ส่วน,30.8,สัดส่วนจากหน่วยเดียวกัน (ส่วน),
WRO042/2,กระวาน,,,4,ส่วน,30.8,สัดส่วนจากหน่วยเดียวกัน (ส่วน),
WRO042/2,เทียนดำ,,,1,ส่วน,7.7,สัดส่วนจากหน่วยเดียวกัน (ส่วน),
WRO042/2,แห้วหมู,,,4,ส่วน,30.8,สัดส่วนจากหน่วยเดียวกัน (ส่วน),
WRO043/1,เทียนดำ,,,3,สลึง,27.3,สัดส่วนจากหน่วยเดียวกัน (สลึง),
WRO043/1,กระเทียม,,,2,สลึง,18.2,สัดส่วนจากหน่วยเดียวกัน (สลึง),
WRO043/1,ลูกจันทน์,,,1,สลึง,9.1,สัดส่วนจากหน่วยเดียวกัน (สลึง),
WRO043/1,แห้วหมู,,,5,สลึง,45.5,สัดส่วนจากหน่วยเดียวกัน (สลึง),
WRO044/3,สมอไทย,,,7,ส่วน,46.7,สัดส่วนจากหน่วยเดียวกัน (ส่วน),
WRO044/3,สมอพิเภก,,,1,ส่วน,6.7,สัดส่วนจากหน่วยเดียวกัน (ส่วน),
WRO044/3,มะขามป้อม,,,3,ส่วน,20.0,สัดส่วนจากหน่วยเดียวกัน (ส่วน),
WRO044/3,ขิงแห้ง,,,1,ส่วน,6.7,สัดส่วนจากหน่วยเดียวกัน (ส่วน),
WRO044/3,มะกรูด,,,3,ส่วน,20.0,สัดส่วนจากหน่วยเดียวกัน (ส่วน),
WRO045/3,ว่านน้ำ,,,8,บาท,21.1,สัดส่วนจากหน่วยเดียวกัน (บาท),
WRO045/3,ดีปลี,,,2,บาท,5.3,สัดส่วนจากหน่วยเดียวกัน (บาท),
WRO045/3,กระวาน,,,8,บาท,21.1,สัดส่วนจากหน่วยเดียวกัน (บาท),
WRO045/3,ดอกจันทน์,,,6,บาท,15.8,สัดส่วนจากหน่วยเดียวกัน (บาท),
WRO045/3,ลูกจันทน์,,,7,บาท,18.4,สัดส่วนจากหน่วยเดียวกัน (บาท),
WRO045/3,โกฐทั้ง 5,,,7,บาท,18.4,สัดส่วนจากหน่วยเดียวกัน (บาท),
WRO046/2,ว่านน้ำ,,,5,สลึง,16.7,สัดส่วนจากหน่วยเดียวกัน (สลึง),
WRO046/2,ดีปลี,,,7,สลึง,23.3,สัดส่วนจากหน่วยเดียวกัน (สลึง),
WRO046/2,กระวาน,,,7,สลึง,23.3,สัดส่วนจากหน่วยเดียวกัน (สลึง),
WRO046/2,ดอกจันทน์,,,6,สลึง,20.0,สัดส่วนจากหน่วยเดียวกัน (สลึง),
WRO046/2,ลูกจันทน์,,,5,สลึง,16.7,สัดส่วนจากหน่วยเดียวกัน (สลึง),
WRO047/3,ขิง,,,4,บาท,33.3,สัดส่วนจากหน่วยเดียวกัน (บาท),
WRO047/3,ดีปลี,,,2,บาท,16.7,สัดส่วนจากหน่วยเดียวกัน (บาท),
WRO047/3,ชะเอมเทศ,,,6,บาท,50.0,สัดส่วนจากหน่วยเดียวกัน (บาท),
WRO048/3,กระวาน,,,4,ส่วน,40.0,สัดส่วนจากหน่วยเดียวกัน (ส่วน),
WRO048/3,ดอกจันทน์,,,5,ส่วน,50.0,สัดส่วนจากหน่วยเดียวกัน (ส่วน),
WRO048/3,ลูกจันทน์,,,1,ส่วน,10.0,สัดส่วนจากหน่วยเดียวกัน (ส่วน),
WRO049/2,ชะเอมเทศ,,,6,ส่วน,27.3,สัดส่วนจากหน่วยเดียวกัน (ส่วน),
WRO049/2,การบูร,,,8,ส่วน,36.4,สัดส่วนจากหน่วยเดียวกัน (ส่วน),
WRO049/2,กระเทียม,,,1,ส่วน,4.5,สัดส่วนจากหน่วยเดียวกัน (ส่วน),
WRO049/2,เถาวัลย์เปรียง,,,3,ส่วน,13.6,สัดส่วนจากหน่วยเดียวกัน (ส่วน),
WRO049/2,เทียนดำ,,,4,ส่วน,18.2,สัดส่วนจากหน่วยเดียวกัน (ส่วน),
WRO050/3,ตรีกฏุก,,,4,สลึง,18.2,สัดส่วนจากหน่วยเดียวกัน (สลึง),
WRO050/3,มะขามป้อม,,,5,สลึง,22.7,สัดส่วนจากหน่วยเดียวกัน (สลึง),
WRO050/3,อบเชย,,,3,สลึง,13.6,สัดส่วนจากหน่วยเดียวกัน (สลึง),
WRO050/3,สมอไทย,,,5,สลึง,22.7,สัดส่วนจากหน่วยเดียวกัน (สลึง),
WRO050/3,ไพล,,,5,สลึง,22.7,สัดส่วนจากหน่วยเดียวกัน (สลึง),
WRO051/2,ขิง,,,1,บาท,6.7,สัดส่วนจากหน่วยเดียวกัน (บาท),
WRO051/2,พริกล่อน,,,5,บาท,33.3,สัดส่วนจากหน่วยเดียวกัน (บาท),
WRO051/2,กระวาน,,,7,บาท,46.7,สัดส่วนจากหน่วยเดียวกัน (บาท),
WRO051/2,ขมิ้นชัน,,,2,บาท,13.3,สัดส่วนจากหน่วยเดียวกัน (บาท),
WRO052/1,กานพลู,,,1,ส่วน,16.7,สัดส่วนจากหน่วยเดียวกัน (ส่วน),
WRO052/1,ดอกจันทน์,,,3,ส่วน,50.0,สัดส่วนจากหน่วยเดียวกัน (ส่วน),
WRO052/1,เทียนดำ,,,2,ส่วน,33.3,สัดส่วนจากหน่วยเดียวกัน (ส่วน),
WRO053/3,โกฐสอ,,,4,ส่วน,13.8,สัดส่วนจากหน่วยเดียวกัน (ส่วน),
WRO053/3,กานพลู,,,5,ส่วน,17.2,สัดส่วนจากหน่วยเดียวกัน (ส่วน),
WRO053/3,โกฐเขมา,,,8,ส่วน,27.6,สัดส่วนจากหน่วยเดียวกัน (ส่วน),
WRO053/3,มะกรูด,,,4,ส่วน,13.8,สัดส่วนจากหน่วยเดียวกัน (ส่วน),
WRO053/3,ไพล,,,8,ส่วน,27.6,สัดส่วนจากหน่วยเดียวกัน (ส่วน),
WRO054/2,บอระเพ็ด,,,4,บาท,20.0,สัดส่วนจากหน่วยเดียวกัน (บาท),
WRO054/2,โกฐเชียง,,,3,บาท,15.0,สัดส่วนจากหน่วยเดียวกัน (บาท),
WRO054/2,เจตมูลเพลิงแดง,,,1,บาท,5.0,สัดส่วนจากหน่วยเดียวกัน (บาท),
WRO054/2,โกฐสอ,,,5,บาท,25.0,สัดส่วนจากหน่วยเดียวกัน (บาท),
WRO054/2,โกฐจุฬาลัมพา,,,7,บาท,35.0,สัดส่วนจากหน่วยเดียวกัน (บาท),
WRO055/1,สมอไท,,,3,สลึง,11.5,สัดส่วนจากหน่วยเดียวกัน (สลึง),
WRO055/1,สมอพิเภก,,,8,สลึง,30.8,สัดส่วนจากหน่วยเดียวกัน (สลึง),
WRO055/1,มะขามป้อม,,,3,สลึง,11.5,สัดส่วนจากหน่วยเดียวกัน (สลึง),
WRO055/1,กานพลู,,,3,สลึง,11.5,สัดส่วนจากหน่วยเดียวกัน (สลึง),
WRO055/1,ดอกจันทน์,,,8,สลึง,30.8,สัดส่วนจากหน่วยเดียวกัน (สลึง),
WRO055/1,โกฐเชียง,,,1,สลึง,3.8,สัดส่วนจากหน่วยเดียวกัน (สลึง),
WRO056/1,ตรีกฏุก,,,4,บาท,16.0,สัดส่วนจากหน่วยเดียวกัน (บาท),
WRO056/1,ชะเอมเทศ,,,6,บาท,24.0,สัดส่วนจากหน่วยเดียวกัน (บาท),
WRO056/1,มะขามป้อม,,,5,บาท,20.0,สัดส่วนจากหน่วยเดียวกัน (บาท),
WRO056/1,ลูกจันทน์,,,6,บาท,24.0,สัดส่วนจากหน่วยเดียวกัน (บาท),
WRO056/1,กระวาน,,,4,บาท,16.0,สัดส่วนจากหน่วยเดียวกัน (บาท),
WRO057/1,โกฐจุฬาลัมพา,,,3,สลึง,13.6,สัดส่วนจากหน่วยเดียวกัน (สลึง),
WRO057/1,เถาวัลย์เปรียง,,,8,สลึง,36.4,สัดส่วนจากหน่วยเดียวกัน (สลึง),
WRO057/1,มะขามป้อม,,,4,สลึง,18.2,สัดส่วนจากหน่วยเดียวกัน (สลึง),
WRO057/1,โกฐเชียง,,,7,สลึง,31.8,สัดส่วนจากหน่วยเดียวกัน (สลึง),
WRO058/1,แห้วหมู,,,4,ส่วน,22.2,สัดส่วนจากหน่วยเดียวกัน (ส่วน),
WRO058/1,ไพล,,,5,ส่วน,27.8,สัดส่วนจากหน่วยเดียวกัน (ส่วน),
WRO058/1,ดีปลี,,,2,ส่วน,11.1,สัดส่วนจากหน่วยเดียวกัน (ส่วน),
WRO058/1,สมอพิเภก,,,6,ส่วน,33.3,สัดส่วนจากหน่วยเดียวกัน (ส่วน),
WRO058/1,บอระเพ็ด,,,1,ส่วน,5.6,สัดส่วนจากหน่วยเดียวกัน (ส่วน),
WRO059/1,กานพลู,,,1,สลึง,7.7,สัดส่วนจากหน่วยเดียวกัน (สลึง),
WRO059/1,ดอกจันทน์,,,5,สลึง,38.5,สัดส่วนจากหน่วยเดียวกัน (สลึง),
WRO059/1,กระเทียม,,,7,สลึง,53.8,สัดส่วนจากหน่วยเดียวกัน (สลึง),
WRO060/3,ขิง,,,7,ส่วน,23.3,สัดส่วนจากหน่วยเดียวกัน (ส่วน),
WRO060/3,ดีปลี,,,3,ส่วน,10.0,สัดส่วนจากหน่วยเดียวกัน (ส่วน),
WRO060/3,พริกไทย,,,5,ส่วน,16.7,สัดส่วนจากหน่วยเดียวกัน (ส่วน),
WRO060/3,ชะเอมเทศ,,,8,ส่วน,26.7,สัดส่วนจากหน่วยเดียวกัน (ส่วน),
WRO060/3,อบเชย,,,7,ส่วน,23.3,สัดส่วนจากหน่วยเดียวกัน (ส่วน),
WRO061/1,หว้านน้ำ,,,4,สลึง,14.8,สัดส่วนจากหน่วยเดียวกัน (สลึง),
WRO061/1,ดีปลี,,,6,สลึง,22.2,สัดส่วนจากหน่วยเดียวกัน (สลึง),
WRO061/1,กระวาน,,,2,สลึง,7.4,สัดส่วนจากหน่วยเดียวกัน (สลึง),
WRO061/1,ดอกจันทน์,,,6,สลึง,22.2,สัดส่วนจากหน่วยเดียวกัน (สลึง),
WRO061/1,ลูกจันทน์,,,4,สลึง,14.8,สัดส่วนจากหน่วยเดียวกัน (สลึง),
WRO061/1,โกฐทั้ง 5,,,5,สลึง,18.5,สัดส่วนจากหน่วยเดียวกัน (สลึง),
WRO062/1,โกฐทั้ง 5,,,6,ส่วน,20.7,สัดส่วนจากหน่วยเดียวกัน (ส่วน),
WRO062/1,ลูกจันทน์,,,7,ส่วน,24.1,สัดส่วนจากหน่วยเดียวกัน (ส่วน),
WRO062/1,เถาวัลย์เปรียง,,,3,ส่วน,10.3,สัดส่วนจากหน่วยเดียวกัน (ส่วน),
WRO062/1,ดอกจันทน์,,,8,ส่วน,27.6,สัดส่วนจากหน่วยเดียวกัน (ส่วน),
WRO062/1,โกฐเขมา,,,5,ส่วน,17.2,สัดส่วนจากหน่วยเดียวกัน (ส่วน),
WRO063/3,ไพล,,,6,บาท,18.2,สัดส่วนจากหน่วยเดียวกัน (บาท),
WRO063/3,ขมิ้นชัน,,,6,บาท,18.2,สัดส่วนจากหน่วยเดียวกัน (บาท),
WRO063/3,ดีปลี,,,5,บาท,15.2,สัดส่วนจากหน่วยเดียวกัน (บาท),
WRO063/3,ชะเอมเทศ,,,5,บาท,15.2,สัดส่วนจากหน่วยเดียวกัน (บาท),
WRO063/3,การบูร,,,3,บาท,9.1,สัดส่วนจากหน่วยเดียวกัน (บาท),
WRO063/3,โกฐสอ,,,8,บาท,24.2,สัดส่วนจากหน่วยเดียวกัน (บาท),
WRO064/2,แห้วหมู,,,8,สลึง,29.6,สัดส่วนจากหน่วยเดียวกัน (สลึง),
WRO064/2,บอระเพ็ด,,,1,สลึง,3.7,สัดส่วนจากหน่วยเดียวกัน (สลึง),
WRO064/2,พริกล่อน,,,5,สลึง,18.5,สัดส่วนจากหน่วยเดียวกัน (สลึง),
WRO064/2,เทียนดำ,,,4,สลึง,14.8,สัดส่วนจากหน่วยเดียวกัน (สลึง),
WRO064/2,มะขามป้อม,,,5,สลึง,18.5,สัดส่วนจากหน่วยเดียวกัน (สลึง),
WRO064/2,ดีปลี,,,4,สลึง,14.8,สัดส่วนจากหน่วยเดียวกัน (สลึง),
WRO065/1,ไพล,,,4,บาท,19.0,สัดส่วนจากหน่วยเดียวกัน (บาท),
WRO065/1,ขมิ้นชัน,,,7,บาท,33.3,สัดส่วนจากหน่วยเดียวกัน (บาท),
WRO065/1,พริกไทย,,,4,บาท,19.0,สัดส่วนจากหน่วยเดียวกัน (บาท),
WRO065/1,โกฐหัวบัว,,,3,บาท,14.3,สัดส่วนจากหน่วยเดียวกัน (บาท),
WRO065/1,เทียนดำ,,,3,บาท,14.3,สัดส่วนจากหน่วยเดียวกัน (บาท),
WRO066/2,ไพล,,,2,ส่วน,11.8,สัดส่วนจากหน่วยเดียวกัน (ส่วน),
WRO066/2,ขมิ้นชัน,,,5,ส่วน,29.4,สัดส่วนจากหน่วยเดียวกัน (ส่วน),
WRO066/2,สมอพิเภก,,,2,ส่วน,11.8,สัดส่วนจากหน่วยเดียวกัน (ส่วน),
WRO066/2,อบเชย,,,8,ส่วน,47.1,สัดส่วนจากหน่วยเดียวกัน (ส่วน),
WRO067/3,เจตมูลเพลิงแดง,,,3,บาท,16.7,สัดส่วนจากหน่วยเดียวกัน (บาท),
WRO067/3,กระวาน,,,5,บาท,27.8,สัดส่วนจากหน่วยเดียวกัน (บาท),
WRO067/3,สมอพิเภก,,,3,บาท,16.7,สัดส่วนจากหน่วยเดียวกัน (บาท),
WRO067/3,กานพลู,,,3,บาท,16.7,สัดส่วนจากหน่วยเดียวกัน (บาท),
WRO067/3,โกฐจุฬาลัมพา,,,4,บาท,22.2,สัดส่วนจากหน่วยเดียวกัน (บาท),
WRO068/2,กระวาน,,,5,ส่วน,25.0,สัดส่วนจากหน่วยเดียวกัน (ส่วน),
WRO068/2,ไพล,,,6,ส่วน,30.0,สัดส่วนจากหน่วยเดียวกัน (ส่วน),
WRO068/2,ขมิ้นชัน,,,2,ส่วน,10.0,สัดส่วนจากหน่วยเดียวกัน (ส่วน),
WRO068/2,มะขามป้อม,,,7,ส่วน,35.0,สัดส่วนจากหน่วยเดียวกัน (ส่วน),
WRO069/2,ขิง,,,3,สลึง,18.8,สัดส่วนจากหน่วยเดียวกัน (สลึง),
WRO069/2,ดีปลี,,,8,สลึง,50.0,สัดส่วนจากหน่วยเดียวกัน (สลึง),
WRO069/2,บอระเพ็ด,,,3,สลึง,18.8,สัดส่วนจากหน่วยเดียวกัน (สลึง),
WRO069/2,ไพล,,,2,สลึง,12.5,สัดส่วนจากหน่วยเดียวกัน (สลึง),
WRO070/3,กานพลู,,,1,สลึง,8.3,สัดส่วนจากหน่วยเดียวกัน (สลึง),
WRO070/3,ดอกจันทน์,,,3,สลึง,25.0,สัดส่วนจากหน่วยเดียวกัน (สลึง),
WRO070/3,ขมิ้นชัน,,,2,สลึง,16.7,สัดส่วนจากหน่วยเดียวกัน (สลึง),
WRO070/3,กระวาน,,,1,สลึง,8.3,สัดส่วนจากหน่วยเดียวกัน (สลึง),
WRO070/3,ลูกจันทน์,,,5,สลึง,41.7,สัดส่วนจากหน่วยเดียวกัน (สลึง),
WRO071/3,ขิงแห้ง,,,5,ส่วน,35.7,สัดส่วนจากหน่วยเดียวกัน (ส่วน),
WRO071/3,ดีปลี,,,4,ส่วน,28.6,สัดส่วนจากหน่วยเดียวกัน (ส่วน),
WRO071/3,ชะเอมเทศ,,,5,ส่วน,35.7,สัดส่วนจากหน่วยเดียวกัน (ส่วน),
WRO072/1,สมอพิเภก,,,1,บาท,10.0,สัดส่วนจากหน่วยเดียวกัน (บาท),
WRO072/1,โกฐเขมา,,,5,บาท,50.0,สัดส่วนจากหน่วยเดียวกัน (บาท),
WRO072/1,การบูร,,,4,บาท,40.0,สัดส่วนจากหน่วยเดียวกัน (บาท),
WRO073/3,ขิง,,,5,สลึง,22.7,สัดส่วนจากหน่วยเดียวกัน (สลึง),
WRO073/3,รากไคร้เครือ,,,2,สลึง,9.1,สัดส่วนจากหน่วยเดียวกัน (สลึง),
WRO073/3,ลูกจันทน์,,,5,สลึง,22.7,สัดส่วนจากหน่วยเดียวกัน (สลึง),
WRO073/3,มะขามป้อม,,,6,สลึง,27.3,สัดส่วนจากหน่วยเดียวกัน (สลึง),
WRO073/3,เจตมูลเพลิงแดง,,,4,สลึง,18.2,สัดส่วนจากหน่วยเดียวกัน (สลึง),
WRO074/3,ชะเอมเทศ,,,4,บาท,20.0,สัดส่วนจากหน่วยเดียวกัน (บาท),
WRO074/3,มะขามป้อม,,,1,บาท,5.0,สัดส่วนจากหน่วยเดียวกัน (บาท),
WRO074/3,สมอพิเภก,,,3,บาท,15.0,สัดส่วนจากหน่วยเดียวกัน (บาท),
WRO074/3,กานพลู,,,6,บาท,30.0,สัดส่วนจากหน่วยเดียวกัน (บาท),
WRO074/3,ขิงแห้ง,,,6,บาท,30.0,สัดส่วนจากหน่วยเดียวกัน (บาท),
WRO075/2,กระวาน,,,7,สลึง,26.9,สัดส่วนจากหน่วยเดียวกัน (สลึง),
WRO075/2,ดอกจันทน์,,,1,สลึง,3.8,สัดส่วนจากหน่วยเดียวกัน (สลึง),
WRO075/2,ลูกจันทน์,,,4,สลึง,15.4,สัดส่วนจากหน่วยเดียวกัน (สลึง),
WRO075/2,โกฐทั้ง 5,,,6,สลึง,23.1,สัดส่วนจากหน่วยเดียวกัน (สลึง),
WRO075/2,เถาวัลย์เปรียง,,,8,สลึง,30.8,สัดส่วนจากหน่วยเดียวกัน (สลึง),
WRO076/3,โกฐหัวบัว,,,1,สลึง,4.0,สัดส่วนจากหน่วยเดียวกัน (สลึง),
WRO076/3,เจตมูลเพลิงแดง,,,1,สลึง,4.0,สัดส่วนจากหน่วยเดียวกัน (สลึง),
WRO076/3,มะขามป้อม,,,6,สลึง,24.0,สัดส่วนจากหน่วยเดียวกัน (สลึง),
WRO076/3,แห้วหมู,,,3,สลึง,12.0,สัดส่วนจากหน่วยเดียวกัน (สลึง),
WRO076/3,ดีปลี,,,8,สลึง,32.0,สัดส่วนจากหน่วยเดียวกัน (สลึง),
WRO076/3,เถาวัลย์เปรียง,,,6,สลึง,24.0,สัดส่วนจากหน่วยเดียวกัน (สลึง),
WRO077/2,ไพล,,,5,ส่วน,17.9,สัดส่วนจากหน่วยเดียวกัน (ส่วน),
WRO077/2,ขมิ้นชัน,,,5,ส่วน,17.9,สัดส่วนจากหน่วยเดียวกัน (ส่วน),
WRO077/2,ขิงแห้ง,,,6,ส่วน,21.4,สัดส่วนจากหน่วยเดียวกัน (ส่วน),
WRO077/2,พริกล่อน,,,8,ส่วน,28.6,สัดส่วนจากหน่วยเดียวกัน (ส่วน),
WRO077/2,มะกรูด,,,4,ส่วน,14.3,สัดส่วนจากหน่วยเดียวกัน (ส่วน),
WRO078/3,บอระเพ็ด,,,3,ส่วน,15.0,สัดส่วนจากหน่วยเดียวกัน (ส่วน),
WRO078/3,กระเทียม,,,2,ส่วน,10.0,สัดส่วนจากหน่วยเดียวกัน (ส่วน),
WRO078/3,เทียนดำ,,,6,ส่วน,30.0,สัดส่วนจากหน่วยเดียวกัน (ส่วน),
WRO078/3,พริกล่อน,,,4,ส่วน,20.0,สัดส่วนจากหน่วยเดียวกัน (ส่วน),
WRO078/3,โกฐจุฬาลัมพา,,,5,ส่วน,25.0,สัดส่วนจากหน่วยเดียวกัน (ส่วน),
WRO079/1,พริกไทย,,,4,ส่วน,28.6,สัดส่วนจากหน่วยเดียวกัน (ส่วน),
WRO079/1,แห้วหมู,,,4,ส่วน,28.6,สัดส่วนจากหน่วยเดียวกัน (ส่วน),
WRO079/1,เทียนดำ,,,3,ส่วน,21.4,สัดส่วนจากหน่วยเดียวกัน (ส่วน),
WRO079/1,มะขามป้อม,,,3,ส่วน,21.4,สัดส่วนจากหน่วยเดียวกัน (ส่วน),
WRO080/1,ไพล,,,6,ส่วน,27.3,สัดส่วนจากหน่วยเดียวกัน (ส่วน),
WRO080/1,ขมิ้นชัน,,,5,ส่วน,22.7,สัดส่วนจากหน่วยเดียวกัน (ส่วน),
WRO080/1,เถาวัลย์เปรียง,,,7,ส่วน,31.8,สัดส่วนจากหน่วยเดียวกัน (ส่วน),
WRO080/1,ดอกจันทน์,,,4,ส่วน,18.2,สัดส่วนจากหน่วยเดียวกัน (ส่วน),
WRO081/1,ขิง,,,5,ส่วน,41.7,สัดส่วนจากหน่วยเดียวกัน (ส่วน),
WRO081/1,ดีปลี,,,2,ส่วน,16.7,สัดส่วนจากหน่วยเดียวกัน (ส่วน),
WRO081/1,มะกรูด,,,5,ส่วน,41.7,สัดส่วนจากหน่วยเดียวกัน (ส่วน),
WRO082/1,สมอพิเภก,,,3,บาท,14.3,สัดส่วนจากหน่วยเดียวกัน (บาท),
WRO082/1,สมอไทย,,,5,บาท,23.8,สัดส่วนจากหน่วยเดียวกัน (บาท),
WRO082/1,ไคร้เครือ,,,5,บาท,23.8,สัดส่วนจากหน่วยเดียวกัน (บาท),
WRO082/1,ตะไคร้,,,6,บาท,28.6,สัดส่วนจากหน่วยเดียวกัน (บาท),
WRO082/1,การบูร,,,2,บาท,9.5,สัดส่วนจากหน่วยเดียวกัน (บาท),
WRO083/3,ขิงแห้ง,,,8,บาท,61.5,สัดส่วนจากหน่วยเดียวกัน (บาท),
WRO083/3,ดีปลี,,,1,บาท,7.7,สัดส่วนจากหน่วยเดียวกัน (บาท),
WRO083/3,เทียนดำ,,,4,บาท,30.8,สัดส่วนจากหน่วยเดียวกัน (บาท),
WRO084/1,หว้านน้ำ,,,8,บาท,28.6,สัดส่วนจากหน่วยเดียวกัน (บาท),
WRO084/1,ดีปลี,,,2,บาท,7.1,สัดส่วนจากหน่วยเดียวกัน (บาท),
WRO084/1,เจตมูลเพลิงแดง,,,7,บาท,25.0,สัดส่วนจากหน่วยเดียวกัน (บาท),
WRO084/1,ดอกจันทน์,,,8,บาท,28.6,สัดส่วนจากหน่วยเดียวกัน (บาท),
WRO084/1,สมอพิเภก,,,3,บาท,10.7,สัดส่วนจากหน่วยเดียวกัน (บาท),
WRO085/1,ขิง,,,5,บาท,25.0,สัดส่วนจากหน่วยเดียวกัน (บาท),
WRO085/1,มะกรูด,,,5,บาท,25.0,สัดส่วนจากหน่วยเดียวกัน (บาท),
WRO085/1,การบูร,,,6,บาท,30.0,สัดส่วนจากหน่วยเดียวกัน (บาท),
WRO085/1,ไคร้เครือ,,,4,บาท,20.0,สัดส่วนจากหน่วยเดียวกัน (บาท),
WRO086/3,ว่านน้ำ,,,7,ส่วน,29.2,สัดส่วนจากหน่วยเดียวกัน (ส่วน),
WRO086/3,ดีปลี,,,2,ส่วน,8.3,สัดส่วนจากหน่วยเดียวกัน (ส่วน),
WRO086/3,กระวาน,,,7,ส่วน,29.2,สัดส่วนจากหน่วยเดียวกัน (ส่วน),
WRO086/3,ดอกจันทน์,,,1,ส่วน,4.2,สัดส่วนจากหน่วยเดียวกัน (ส่วน),
WRO086/3,ลูกจันทน์,,,4,ส่วน,16.7,สัดส่วนจากหน่วยเดียวกัน (ส่วน),
WRO086/3,โกฐทั้ง 5,,,3,ส่วน,12.5,สัดส่วนจากหน่วยเดียวกัน (ส่วน),
WRO087/1,ว่านน้ำ,,,7,สลึง,23.3,สัดส่วนจากหน่วยเดียวกัน (สลึง),
WRO087/1,ดีปลี,,,6,สลึง,20.0,สัดส่วนจากหน่วยเดียวกัน (สลึง),
WRO087/1,กระวาน,,,8,สลึง,26.7,สัดส่วนจากหน่วยเดียวกัน (สลึง),
WRO087/1,ดอกจันทน์,,,4,สลึง,13.3,สัดส่วนจากหน่วยเดียวกัน (สลึง),
WRO087/1,ลูกจันทน์,,,3,สลึง,10.0,สัดส่วนจากหน่วยเดียวกัน (สลึง),
WRO087/1,ขมิ้นชัน,,,2,สลึง,6.7,สัดส่วนจากหน่วยเดียวกัน (สลึง),
WRO088/2,สมอไทย,,,6,ส่วน,31.6,สัดส่วนจากหน่วยเดียวกัน (ส่วน),
WRO088/2,มะกรูด,,,1,ส่วน,5.3,สัดส่วนจากหน่วยเดียวกัน (ส่วน),
WRO088/2,การบูร,,,6,ส่วน,31.6,สัดส่วนจากหน่วยเดียวกัน (ส่วน),
WRO088/2,ดีปลี,,,6,ส่วน,31.6,สัดส่วนจากหน่วยเดียวกัน (ส่วน),
WRO089/2,ขิง,,,8,บาท,42.1,สัดส่วนจากหน่วยเดียวกัน (บาท),
WRO089/2,ดีปลี,,,2,บาท,10.5,สัดส่วนจากหน่วยเดียวกัน (บาท),
WRO089/2,พริกไทย,,,6,บาท,31.6,สัดส่วนจากหน่วยเดียวกัน (บาท),
WRO089/2,สมอพิเภก,,,1,บาท,5.3,สัดส่วนจากหน่วยเดียวกัน (บาท),
WRO089/2,อบเชย,,,2,บาท,10.5,สัดส่วนจากหน่วยเดียวกัน (บาท),
WRO090/1,สมอไทย,,,5,สลึง,25.0,สัดส่วนจากหน่วยเดียวกัน (สลึง),
WRO090/1,สมอพิเภก,,,5,สลึง,25.0,สัดส่วนจากหน่วยเดียวกัน (สลึง),
WRO090/1,มะขามป้อม,,,1,สลึง,5.0,สัดส่วนจากหน่วยเดียวกัน (สลึง),
WRO090/1,ขิง,,,8,สลึง,40.0,สัดส่วนจากหน่วยเดียวกัน (สลึง),
WRO090/1,มะกรูด,,,1,สลึง,5.0,สัดส่วนจากหน่วยเดียวกัน (สลึง),
WRO091/2,ขิง,,,8,บาท,33.3,สัดส่วนจากหน่วยเดียวกัน (บาท),
WRO091/2,พริกไทย,,,2,บาท,8.3,สัดส่วนจากหน่วยเดียวกัน (บาท),
WRO091/2,ไพล,,,8,บาท,33.3,สัดส่วนจากหน่วยเดียวกัน (บาท),
WRO091/2,ตะไคร้,,,6,บาท,25.0,สัดส่วนจากหน่วยเดียวกัน (บาท),
WRO092/3,บอระเพ็ด,,,3,สลึง,13.0,สัดส่วนจากหน่วยเดียวกัน (สลึง),
WRO092/3,มะขามป้อม,,,5,สลึง,21.7,สัดส่วนจากหน่วยเดียวกัน (สลึง),
WRO092/3,อบเชย,,,8,สลึง,34.8,สัดส่วนจากหน่วยเดียวกัน (สลึง),
WRO092/3,มะกรูด,,,7,สลึง,30.4,สัดส่วนจากหน่วยเดียวกัน (สลึง),
WRO093/1,แห้วหมู,,,7,สลึง,20.6,สัดส่วนจากหน่วยเดียวกัน (สลึง),
WRO093/1,โกฐเขมา,,,8,สลึง,23.5,สัดส่วนจากหน่วยเดียวกัน (สลึง),
WRO093/1,สมอไทย,,,8,สลึง,23.5,สัดส่วนจากหน่วยเดียวกัน (สลึง),
WRO093/1,ขิง,,,3,สลึง,8.8,สัดส่วนจากหน่วยเดียวกัน (สลึง),
WRO093/1,โกฐหัวบัว,,,8,สลึง,23.5,สัดส่วนจากหน่วยเดียวกัน (สลึง),
WRO094/3,หว้านน้ำ,,,3,สลึง,16.7,สัดส่วนจากหน่วยเดียวกัน (สลึง),
WRO094/3,ดีปลี,,,7,สลึง,38.9,สัดส่วนจากหน่วยเดียวกัน (สลึง),
WRO094/3,เถาวัลย์เปรียง,,,8,สลึง,44.4,สัดส่วนจากหน่วยเดียวกัน (สลึง),
WRO095/2,ดีปลี,,,4,บาท,14.8,สัดส่วนจากหน่วยเดียวกัน (บาท),
WRO095/2,ไคร้เครือ,,,6,บาท,22.2,สัดส่วนจากหน่วยเดียวกัน (บาท),
WRO095/2,แห้วหมู,,,2,บาท,7.4,สัดส่วนจากหน่วยเดียวกัน (บาท),
WRO095/2,สมอไท,,,3,บาท,11.1,สัดส่วนจากหน่วยเดียวกัน (บาท),
WRO095/2,ว่านน้ำ,,,6,บาท,22.2,สัดส่วนจากหน่วยเดียวกัน (บาท),
WRO095/2,โกฐเขมา,,,6,บาท,22.2,สัดส่วนจากหน่วยเดียวกัน (บาท),
WRO096/2,ขิง,,,3,บาท,18.8,สัดส่วนจากหน่วยเดียวกัน (บาท),
WRO096/2,ดีปลี,,,7,บาท,43.8,สัดส่วนจากหน่วยเดียวกัน (บาท),
WRO096/2,การบูร,,,3,บาท,18.8,สัดส่วนจากหน่วยเดียวกัน (บาท),
WRO096/2,แห้วหมู,,,3,บาท,18.8,สัดส่วนจากหน่วยเดียวกัน (บาท),
WRO097/3,ขิง,,,4,ส่วน,26.7,สัดส่วนจากหน่วยเดียวกัน (ส่วน),
WRO097/3,ดีปลี,,,2,ส่วน,13.3,สัดส่วนจากหน่วยเดียวกัน (ส่วน),
WRO097/3,ลูกจันทน์,,,2,ส่วน,13.3,สัดส่วนจากหน่วยเดียวกัน (ส่วน),
WRO097/3,กระเทียม,,,2,ส่วน,13.3,สัดส่วนจากหน่วยเดียวกัน (ส่วน),
WRO097/3,สมอพิเภก,,,5,ส่วน,33.3,สัดส่วนจากหน่วยเดียวกัน (ส่วน),
WRO098/1,บอระเพ็ด,,,6,ส่วน,31.6,สัดส่วนจากหน่วยเดียวกัน (ส่วน),
WRO098/1,ว่านน้ำ,,,4,ส่วน,21.1,สัดส่วนจากหน่วยเดียวกัน (ส่วน),
WRO098/1,ไพล,,,2,ส่วน,10.5,สัดส่วนจากหน่วยเดียวกัน (ส่วน),
WRO098/1,แห้วหมู,,,7,ส่วน,36.8,สัดส่วนจากหน่วยเดียวกัน (ส่วน),
WRO099/1,ว่านน้ำ,,,6,บาท,40.0,สัดส่วนจากหน่วยเดียวกัน (บาท),
WRO099/1,ดีปลี,,,3,บาท,20.0,สัดส่วนจากหน่วยเดียวกัน (บาท),
WRO099/1,กระวาน,,,2,บาท,13.3,สัดส่วนจากหน่วยเดียวกัน (บาท),
WRO099/1,ลูกจันทน์,,,3,บาท,20.0,สัดส่วนจากหน่วยเดียวกัน (บาท),
WRO099/1,โกฐจุฬาลัมพา,,,1,บาท,6.7,สัดส่วนจากหน่วยเดียวกัน (บาท),
WRO100/1,ขิง,,,6,บาท,21.4,สัดส่วนจากหน่วยเดียวกัน (บาท),
WRO100/1,ดีปลี,,,4,บาท,14.3,สัดส่วนจากหน่วยเดียวกัน (บาท),
WRO100/1,บอระเพ็ด,,,6,บาท,21.4,สัดส่วนจากหน่วยเดียวกัน (บาท),
WRO100/1,เจตมูลเพลิงแดง,,,7,บาท,25.0,สัดส่วนจากหน่วยเดียวกัน (บาท),
WRO100/1,โกฐเขมา,,,1,บาท,3.6,สัดส่วนจากหน่วยเดียวกัน (บาท),
WRO100/1,ไคร้เครือ,,,4,บาท,14.3,สัดส่วนจากหน่วยเดียวกัน (บาท),
WRO101/2,ขิงแห้ง,,,5,สลึง,45.5,สัดส่วนจากหน่วยเดียวกัน (สลึง),
WRO101/2,ดีปลี,,,1,สลึง,9.1,สัดส่วนจากหน่วยเดียวกัน (สลึง),
WRO101/2,กานพลู,,,3,สลึง,27.3,สัดส่วนจากหน่วยเดียวกัน (สลึง),
WRO101/2,ว่านน้ำ,,,2,สลึง,18.2,สัดส่วนจากหน่วยเดียวกัน (สลึง),
WRO102/2,ขิงแห้ง,,,7,บาท,29.2,สัดส่วนจากหน่วยเดียวกัน (บาท),
WRO102/2,พริกไทย,,,7,บาท,29.2,สัดส่วนจากหน่วยเดียวกัน (บาท),
WRO102/2,ลูกจันทน์,,,4,บาท,16.7,สัดส่วนจากหน่วยเดียวกัน (บาท),
WRO102/2,ดอกจันทน์,,,6,บาท,25.0,สัดส่วนจากหน่วยเดียวกัน (บาท),
WRO103/1,กระวาน,,,6,บาท,25.0,สัดส่วนจากหน่วยเดียวกัน (บาท),
WRO103/1,ดอกจันทน์,,,6,บาท,25.0,สัดส่วนจากหน่วยเดียวกัน (บาท),
WRO103/1,ลูกจันทน์,,,3,บาท,12.5,สัดส่วนจากหน่วยเดียวกัน (บาท),
WRO103/1,พริกไทย,,,3,บาท,12.5,สัดส่วนจากหน่วยเดียวกัน (บาท),
WRO103/1,เถาวัลย์เปรียง,,,6,บาท,25.0,สัดส่วนจากหน่วยเดียวกัน (บาท),
WRO104/1,ตรีกฏุก,,,2,ส่วน,11.1,สัดส่วนจากหน่วยเดียวกัน (ส่วน),
WRO104/1,สมอพิเภก,,,5,ส่วน,27.8,สัดส่วนจากหน่วยเดียวกัน (ส่วน),
WRO104/1,เถาวัลย์เปรียง,,,6,ส่วน,33.3,สัดส่วนจากหน่วยเดียวกัน (ส่วน),
WRO104/1,หว้านน้ำ,,,5,ส่วน,27.8,สัดส่วนจากหน่วยเดียวกัน (ส่วน),
WRO105/3,ไพล,,,6,ส่วน,20.7,สัดส่วนจากหน่วยเดียวกัน (ส่วน),
WRO105/3,ขมิ้นชัน,,,2,ส่วน,6.9,สัดส่วนจากหน่วยเดียวกัน (ส่วน),
WRO105/3,เถาวัลย์เปรียง,,,5,ส่วน,17.2,สัดส่วนจากหน่วยเดียวกัน (ส่วน),
WRO105/3,ขิง,,,8,ส่วน,27.6,สัดส่วนจากหน่วยเดียวกัน (ส่วน),
WRO105/3,พริกไทย,,,8,ส่วน,27.6,สัดส่วนจากหน่วยเดียวกัน (ส่วน),
WRO106/2,บอระเพ็ด,,,4,ส่วน,19.0,สัดส่วนจากหน่วยเดียวกัน (ส่วน),
WRO106/2,มะขามป้อม,,,7,ส่วน,33.3,สัดส่วนจากหน่วยเดียวกัน (ส่วน),
WRO106/2,ดีปลี,,,8,ส่วน,38.1,สัดส่วนจากหน่วยเดียวกัน (ส่วน),
WRO106/2,กานพลู,,,2,ส่วน,9.5,สัดส่วนจากหน่วยเดียวกัน (ส่วน),
WRO107/2,ขิง,,,8,บาท,25.8,สัดส่วนจากหน่วยเดียวกัน (บาท),
WRO107/2,ดีปลี,,,5,บาท,16.1,สัดส่วนจากหน่วยเดียวกัน (บาท),
WRO107/2,สมอพิเภก,,,6,บาท,19.4,สัดส่วนจากหน่วยเดียวกัน (บาท),
WRO107/2,กระวาน,,,8,บาท,25.8,สัดส่วนจากหน่วยเดียวกัน (บาท),
WRO107/2,โกฐสอ,,,4,บาท,12.9,สัดส่วนจากหน่วยเดียวกัน (บาท),
WRO108/3,เถาวัลย์เปรียง,,,2,บาท,11.8,สัดส่วนจากหน่วยเดียวกัน (บาท),
WRO108/3,กานพลู,,,8,บาท,47.1,สัดส่วนจากหน่วยเดียวกัน (บาท),
WRO108/3,การบูร,,,7,บาท,41.2,สัดส่วนจากหน่วยเดียวกัน (บาท),
WRO109/3,พริกไทย,,,5,บาท,35.7,สัดส่วนจากหน่วยเดียวกัน (บาท),
WRO109/3,ชะเอมเทศ,,,4,บาท,28.6,สัดส่วนจากหน่วยเดียวกัน (บาท),
WRO109/3,ดีปลี,,,2,บาท,14.3,สัดส่วนจากหน่วยเดียวกัน (บาท),
WRO109/3,ขิง,,,1,บาท,7.1,สัดส่วนจากหน่วยเดียวกัน (บาท),
WRO109/3,แห้วหมู,,,2,บาท,14.3,สัดส่วนจากหน่วยเดียวกัน (บาท),
WRO110/2,อบเชย,,,8,บาท,36.4,สัดส่วนจากหน่วยเดียวกัน (บาท),
WRO110/2,โกฐเชียง,,,7,บาท,31.8,สัดส่วนจากหน่วยเดียวกัน (บาท),
WRO110/2,ตะไคร้,,,2,บาท,9.1,สัดส่วนจากหน่วยเดียวกัน (บาท),
WRO110/2,มะกรูด,,,3,บาท,13.6,สัดส่วนจากหน่วยเดียวกัน (บาท),
WRO110/2,การบูร,,,2,บาท,9.1,สัดส่วนจากหน่วยเดียวกัน (บาท),
WRO111/2,ขมิ้นชัน,,,7,สลึง,38.9,สัดส่วนจากหน่วยเดียวกัน (สลึง),
WRO111/2,โกฐสอ,,,6,สลึง,33.3,สัดส่วนจากหน่วยเดียวกัน (สลึง),
WRO111/2,ไพล,,,1,สลึง,5.6,สัดส่วนจากหน่วยเดียวกัน (สลึง),
WRO111/2,โกฐเขมา,,,1,สลึง,5.6,สัดส่วนจากหน่วยเดียวกัน (สลึง),
WRO111/2,โกฐเชียง,,,3,สลึง,16.7,สัดส่วนจากหน่วยเดียวกัน (สลึง),
WRO112/2,ชะเอมเทศ,,,5,บาท,35.7,สัดส่วนจากหน่วยเดียวกัน (บาท),
WRO112/2,มะขามป้อม,,,8,บาท,57.1,สัดส่วนจากหน่วยเดียวกัน (บาท),
WRO112/2,ตะไคร้,,,1,บาท,7.1,สัดส่วนจากหน่วยเดียวกัน (บาท),
WRO113/2,ขิง,,,2,ส่วน,10.0,สัดส่วนจากหน่วยเดียวกัน (ส่วน),
WRO113/2,ดีปลี,,,6,ส่วน,30.0,สัดส่วนจากหน่วยเดียวกัน (ส่วน),
WRO113/2,บอระเพ็ด,,,1,ส่วน,5.0,สัดส่วนจากหน่วยเดียวกัน (ส่วน),
WRO113/2,โกฐเขมา,,,6,ส่วน,30.0,สัดส่วนจากหน่วยเดียวกัน (ส่วน),
WRO113/2,ลูกจันทน์,,,5,ส่วน,25.0,สัดส่วนจากหน่วยเดียวกัน (ส่วน),
WRO114/3,ขิงแห้ง,,,3,สลึง,12.0,สัดส่วนจากหน่วยเดียวกัน (สลึง),
WRO114/3,พริกล่อน,,,6,สลึง,24.0,สัดส่วนจากหน่วยเดียวกัน (สลึง),
WRO114/3,ไพล,,,5,สลึง,20.0,สัดส่วนจากหน่วยเดียวกัน (สลึง),
WRO114/3,ตะไคร้,,,1,สลึง,4.0,สัดส่วนจากหน่วยเดียวกัน (สลึง),
WRO114/3,โกฐเขมา,,,1,สลึง,4.0,สัดส่วนจากหน่วยเดียวกัน (สลึง),
WRO114/3,โกฐเชียง,,,8,สลึง,32.0,สัดส่วนจากหน่วยเดียวกัน (สลึง),
WRO114/3,เทียนดำ,,,1,สลึง,4.0,สัดส่วนจากหน่วยเดียวกัน (สลึง),
WRO115/2,ขิง,,,4,สลึง,28.6,สัดส่วนจากหน่วยเดียวกัน (สลึง),
WRO115/2,ดีปลี,,,7,สลึง,50.0,สัดส่วนจากหน่วยเดียวกัน (สลึง),
WRO115/2,บอระเพ็ด,,,1,สลึง,7.1,สัดส่วนจากหน่วยเดียวกัน (สลึง),
WRO115/2,กระเทียม,,,2,สลึง,14.3,สัดส่วนจากหน่วยเดียวกัน (สลึง),
WRO116/3,ไพล,,,6,บาท,31.6,สัดส่วนจากหน่วยเดียวกัน (บาท),
WRO116/3,ขมิ้นชัน,,,2,บาท,10.5,สัดส่วนจากหน่วยเดียวกัน (บาท),
WRO116/3,เถาวัลย์เปรียง,,,6,บาท,31.6,สัดส่วนจากหน่วยเดียวกัน (บาท),
WRO116/3,บอระเพ็ด,,,5,บาท,26.3,สัดส่วนจากหน่วยเดียวกัน (บาท),
WRO117/1,ตรีกฏุก,,,6,สลึง,16.7,สัดส่วนจากหน่วยเดียวกัน (สลึง),
WRO117/1,ขิงแห้ง,,,7,สลึง,19.4,สัดส่วนจากหน่วยเดียวกัน (สลึง),
WRO117/1,ดีปลี,,,5,สลึง,13.9,สัดส่วนจากหน่วยเดียวกัน (สลึง),
WRO117/1,พริกไทย,,,2,สลึง,5.6,สัดส่วนจากหน่วยเดียวกัน (สลึง),
WRO117/1,ชะเอมเทศ,,,8,สลึง,22.2,สัดส่วนจากหน่วยเดียวกัน (สลึง),
WRO117/1,มะขามป้อม,,,8,สลึง,22.2,สัดส่วนจากหน่วยเดียวกัน (สลึง),
WRO118/3,โกฐสอ,,,6,บาท,28.6,สัดส่วนจากหน่วยเดียวกัน (บาท),
WRO118/3,การบูร,,,7,บาท,33.3,สัดส่วนจากหน่วยเดียวกัน (บาท),
WRO118/3,บอระเพ็ด,,,1,บาท,4.8,สัดส่วนจากหน่วยเดียวกัน (บาท),
WRO118/3,ไพล,,,7,บาท,33.3,สัดส่วนจากหน่วยเดียวกัน (บาท),
WRO119/2,ว่านน้ำ,,,6,ส่วน,26.1,สัดส่วนจากหน่วยเดียวกัน (ส่วน),
WRO119/2,ดีปลี,,,6,ส่วน,26.1,สัดส่วนจากหน่วยเดียวกัน (ส่วน),
WRO119/2,โกฐทั้ง 5,,,8,ส่วน,34.8,สัดส่วนจากหน่วยเดียวกัน (ส่วน),
WRO119/2,รากไคร้เครือ,,,3,ส่วน,13.0,สัดส่วนจากหน่วยเดียวกัน (ส่วน),
WRO120/1,มะขามป้อม,,,2,สลึง,7.1,สัดส่วนจากหน่วยเดียวกัน (สลึง),
WRO120/1,ตะไคร้,,,1,สลึง,3.6,สัดส่วนจากหน่วยเดียวกัน (สลึง),
WRO120/1,การบูร,,,5,สลึง,17.9,สัดส่วนจากหน่วยเดียวกัน (สลึง),
WRO120/1,มะกรูด,,,3,สลึง,10.7,สัดส่วนจากหน่วยเดียวกัน (สลึง),
WRO120/1,ดีปลี,,,6,สลึง,21.4,สัดส่วนจากหน่วยเดียวกัน (สลึง),
WRO120/1,กระเทียม,,,4,สลึง,14.3,สัดส่วนจากหน่วยเดียวกัน (สลึง),
WRO120/1,แห้วหมู,,,7,สลึง,25.0,สัดส่วนจากหน่วยเดียวกัน (สลึง),
NR001/3,หว้านน้ำ,,,8,บาท,53.3,สัดส่วนจากหน่วยเดียวกัน (บาท),
NR001/3,ขมิ้นชัน,,,1,บาท,6.7,สัดส่วนจากหน่วยเดียวกัน (บาท),
NR001/3,ลูกจันทน์,,,1,บาท,6.7,สัดส่วนจากหน่วยเดียวกัน (บาท),
NR001/3,กานพลู,,,5,บาท,33.3,สัดส่วนจากหน่วยเดียวกัน (บาท),
NR002/2,ขิงแห้ง,,,8,บาท,21.1,สัดส่วนจากหน่วยเดียวกัน (บาท),
NR002/2,ดีปลี,,,7,บาท,18.4,สัดส่วนจากหน่วยเดียวกัน (บาท),
NR002/2,พริกล่อน,,,3,บาท,7.9,สัดส่วนจากหน่วยเดียวกัน (บาท),
NR002/2,เถาวัลย์เปรียง,,,8,บาท,21.1,สัดส่วนจากหน่วยเดียวกัน (บาท),
NR002/2,การบูร,,,6,บาท,15.8,สัดส่วนจากหน่วยเดียวกัน (บาท),
NR002/2,เจตมูลเพลิงแดง,,,6,บาท,15.8,สัดส่วนจากหน่วยเดียวกัน (บาท),
NR003/1,สมอไท,,,6,ส่วน,20.7,สัดส่วนจากหน่วยเดียวกัน (ส่วน),
NR003/1,สมอพิเภก,,,8,ส่วน,27.6,สัดส่วนจากหน่วยเดียวกัน (ส่วน),
NR003/1,มะขามป้อม,,,7,ส่วน,24.1,สัดส่วนจากหน่วยเดียวกัน (ส่วน),
NR003/1,ขิงแห้ง,,,7,ส่วน,24.1,สัดส่วนจากหน่วยเดียวกัน (ส่วน),
NR003/1,มะกรูด,,,1,ส่วน,3.4,สัดส่วนจากหน่วยเดียวกัน (ส่วน),
NR004/3,โกฐเขมา,,,3,สลึง,10.0,สัดส่วนจากหน่วยเดียวกัน (สลึง),
NR004/3,ลูกจันทน์,,,5,สลึง,16.7,สัดส่วนจากหน่วยเดียวกัน (สลึง),
NR004/3,ขิงแห้ง,,,2,สลึง,6.7,สัดส่วนจากหน่วยเดียวกัน (สลึง),
NR004/3,เถาวัลย์เปรียง,,,8,สลึง,26.7,สัดส่วนจากหน่วยเดียวกัน (สลึง),
NR004/3,การบูร,,,4,สลึง,13.3,สัดส่วนจากหน่วยเดียวกัน (สลึง),
NR004/3,ไคร้เครือ,,,8,สลึง,26.7,สัดส่วนจากหน่วยเดียวกัน (สลึง),
NR005/3,ไพล,,,1,สลึง,5.6,สัดส่วนจากหน่วยเดียวกัน (สลึง),
NR005/3,ขมิ้นชัน,,,8,สลึง,44.4,สัดส่วนจากหน่วยเดียวกัน (สลึง),
NR005/3,เถาวัลย์เปรียง,,,5,สลึง,27.8,สัดส่วนจากหน่วยเดียวกัน (สลึง),
NR005/3,แห้วหมู,,,4,สลึง,22.2,สัดส่วนจากหน่วยเดียวกัน (สลึง),
NR006/2,ไพล,,,5,สลึง,41.7,สัดส่วนจากหน่วยเดียวกัน (สลึง),
NR006/2,ขมิ้นชัน,,,1,สลึง,8.3,สัดส่วนจากหน่วยเดียวกัน (สลึง),
NR006/2,พริกไทย,,,6,สลึง,50.0,สัดส่วนจากหน่วยเดียวกัน (สลึง),
NR007/1,แห้วหมู,,,6,บาท,46.2,สัดส่วนจากหน่วยเดียวกัน (บาท),
NR007/1,ไคร้เครือ,,,1,บาท,7.7,สัดส่วนจากหน่วยเดียวกัน (บาท),
NR007/1,พริกล่อน,,,2,บาท,15.4,สัดส่วนจากหน่วยเดียวกัน (บาท),
NR007/1,โกฐสอ,,,4,บาท,30.8,สัดส่วนจากหน่วยเดียวกัน (บาท),
NR008/2,สมอไทย,,,3,บาท,15.8,สัดส่วนจากหน่วยเดียวกัน (บาท),
NR008/2,สมอพิเภก,,,4,บาท,21.1,สัดส่วนจากหน่วยเดียวกัน (บาท),
NR008/2,มะขามป้อม,,,1,บาท,5.3,สัดส่วนจากหน่วยเดียวกัน (บาท),
NR008/2,กานพลู,,,3,บาท,15.8,สัดส่วนจากหน่วยเดียวกัน (บาท),
NR008/2,ดอกจันทน์,,,8,บาท,42.1,สัดส่วนจากหน่วยเดียวกัน (บาท),
NR009/3,ขิงแห้ง,,,2,ส่วน,12.5,สัดส่วนจากหน่วยเดียวกัน (ส่วน),
NR009/3,มะกรูด,,,2,ส่วน,12.5,สัดส่วนจากหน่วยเดียวกัน (ส่วน),
NR009/3,การบูร,,,5,ส่วน,31.2,สัดส่วนจากหน่วยเดียวกัน (ส่วน),
NR009/3,เทียนดำ,,,3,ส่วน,18.8,สัดส่วนจากหน่วยเดียวกัน (ส่วน),
NR009/3,มะขามป้อม,,,4,ส่วน,25.0,สัดส่วนจากหน่วยเดียวกัน (ส่วน),
NR010/2,สมอไทย,,,6,บาท,24.0,สัดส่วนจากหน่วยเดียวกัน (บาท),
NR010/2,สมอพิเภก,,,6,บาท,24.0,สัดส่วนจากหน่วยเดียวกัน (บาท),
NR010/2,มะขามป้อม,,,7,บาท,28.0,สัดส่วนจากหน่วยเดียวกัน (บาท),
NR010/2,กานพลู,,,3,บาท,12.0,สัดส่วนจากหน่วยเดียวกัน (บาท),
NR010/2,ดอกจันทน์,,,3,บาท,12.0,สัดส่วนจากหน่วยเดียวกัน (บาท),
NR011/1,โกฐสอ,,,7,สลึง,50.0,สัดส่วนจากหน่วยเดียวกัน (สลึง),
NR011/1,พริกไทย,,,6,สลึง,42.9,สัดส่วนจากหน่วยเดียวกัน (สลึง),
NR011/1,โกฐจุฬาลัมพา,,,1,สลึง,7.1,สัดส่วนจากหน่วยเดียวกัน (สลึง),
NR012/2,ขิง,,,4,บาท,21.1,สัดส่วนจากหน่วยเดียวกัน (บาท),
NR012/2,ดีปลี,,,5,บาท,26.3,สัดส่วนจากหน่วยเดียวกัน (บาท),
NR012/2,บอระเพ็ด,,,3,บาท,15.8,สัดส่วนจากหน่วยเดียวกัน (บาท),
NR012/2,หว้านน้ำ,,,7,บาท,36.8,สัดส่วนจากหน่วยเดียวกัน (บาท),
NR013/1,ไคร้เครือ,,,7,บาท,38.9,สัดส่วนจากหน่วยเดียวกัน (บาท),
NR013/1,มะกรูด,,,5,บาท,27.8,สัดส่วนจากหน่วยเดียวกัน (บาท),
NR013/1,ขิง,,,3,บาท,16.7,สัดส่วนจากหน่วยเดียวกัน (บาท),
NR013/1,การบูร,,,3,บาท,16.7,สัดส่วนจากหน่วยเดียวกัน (บาท),
NR014/2,สมอไทย,,,6,ส่วน,27.3,สัดส่วนจากหน่วยเดียวกัน (ส่วน),
NR014/2,สมอพิเภก,,,5,ส่วน,22.7,สัดส่วนจากหน่วยเดียวกัน (ส่วน),
NR014/2,มะขามป้อม,,,2,ส่วน,9.1,สัดส่วนจากหน่วยเดียวกัน (ส่วน),
NR014/2,กานพลู,,,2,ส่วน,9.1,สัดส่วนจากหน่วยเดียวกัน (ส่วน),
NR014/2,ดอกจันทน์,,,7,ส่วน,31.8,สัดส่วนจากหน่วยเดียวกัน (ส่วน),
NR015/3,กานพลู,,,7,ส่วน,36.8,สัดส่วนจากหน่วยเดียวกัน (ส่วน),
NR015/3,ดอกจันทน์,,,4,ส่วน,21.1,สัดส่วนจากหน่วยเดียวกัน (ส่วน),
NR015/3,พริกล่อน,,,5,ส่วน,26.3,สัดส่วนจากหน่วยเดียวกัน (ส่วน),
NR015/3,โกฐเขมา,,,3,ส่วน,15.8,สัดส่วนจากหน่วยเดียวกัน (ส่วน),
NR016/2,เถาวัลย์เปรียง,,,8,ส่วน,47.1,สัดส่วนจากหน่วยเดียวกัน (ส่วน),
NR016/2,ขิง,,,1,ส่วน,5.9,สัดส่วนจากหน่วยเดียวกัน (ส่วน),
NR016/2,พริกล่อน,,,8,ส่วน,47.1,สัดส่วนจากหน่วยเดียวกัน (ส่วน),
NR017/1,กระวาน,,,7,ส่วน,25.9,สัดส่วนจากหน่วยเดียวกัน (ส่วน),
NR017/1,ดอกจันทน์,,,7,ส่วน,25.9,สัดส่วนจากหน่วยเดียวกัน (ส่วน),
NR017/1,ลูกจันทน์,,,3,ส่วน,11.1,สัดส่วนจากหน่วยเดียวกัน (ส่วน),
NR017/1,แห้วหมู,,,4,ส่วน,14.8,สัดส่วนจากหน่วยเดียวกัน (ส่วน),
NR017/1,ว่านน้ำ,,,6,ส่วน,22.2,สัดส่วนจากหน่วยเดียวกัน (ส่วน),
NR018/3,มะกรูด,,,3,บาท,27.3,สัดส่วนจากหน่วยเดียวกัน (บาท),
NR018/3,ขมิ้นชัน,,,2,บาท,18.2,สัดส่วนจากหน่วยเดียวกัน (บาท),
NR018/3,ชะเอมเทศ,,,6,บาท,54.5,สัดส่วนจากหน่วยเดียวกัน (บาท),
NR019/1,ขิง,,,3,สลึง,16.7,สัดส่วนจากหน่วยเดียวกัน (สลึง),
NR019/1,มะกรูด,,,5,สลึง,27.8,สัดส่วนจากหน่วยเดียวกัน (สลึง),
NR019/1,ขมิ้นชัน,,,1,สลึง,5.6,สัดส่วนจากหน่วยเดียวกัน (สลึง),
NR019/1,กระเทียม,,,3,สลึง,16.7,สัดส่วนจากหน่วยเดียวกัน (สลึง),
NR019/1,ไคร้เครือ,,,6,สลึง,33.3,สัดส่วนจากหน่วยเดียวกัน (สลึง),
NR020/3,ขิง,,,3,บาท,11.1,สัดส่วนจากหน่วยเดียวกัน (บาท),
NR020/3,ดีปลี,,,8,บาท,29.6,สัดส่วนจากหน่วยเดียวกัน (บาท),
NR020/3,บอระเพ็ด,,,3,บาท,11.1,สัดส่วนจากหน่วยเดียวกัน (บาท),
NR020/3,เถาวัลย์เปรียง,,,7,บาท,25.9,สัดส่วนจากหน่วยเดียวกัน (บาท),
NR020/3,ตะไคร้,,,2,บาท,7.4,สัดส่วนจากหน่วยเดียวกัน (บาท),
NR020/3,โกฐจุฬาลัมพา,,,4,บาท,14.8,สัดส่วนจากหน่วยเดียวกัน (บาท),
NR021/1,โกฐทั้ง 5,,,3,ส่วน,30.0,สัดส่วนจากหน่วยเดียวกัน (ส่วน),
NR021/1,ชะเอมเทศ,,,4,ส่วน,40.0,สัดส่วนจากหน่วยเดียวกัน (ส่วน),
NR021/1,ว่านน้ำ,,,3,ส่วน,30.0,สัดส่วนจากหน่วยเดียวกัน (ส่วน),
NR022/3,ขิง,,,7,ส่วน,30.4,สัดส่วนจากหน่วยเดียวกัน (ส่วน),
NR022/3,ดีปลี,,,4,ส่วน,17.4,สัดส่วนจากหน่วยเดียวกัน (ส่วน),
NR022/3,บอระเพ็ด,,,2,ส่วน,8.7,สัดส่วนจากหน่วยเดียวกัน (ส่วน),
NR022/3,ชะเอมเทศ,,,7,ส่วน,30.4,สัดส่วนจากหน่วยเดียวกัน (ส่วน),
NR022/3,เทียนดำ,,,3,ส่วน,13.0,สัดส่วนจากหน่วยเดียวกัน (ส่วน),
NR023/2,เถาวัลย์เปรียง,,,7,สลึง,30.4,สัดส่วนจากหน่วยเดียวกัน (สลึง),
NR023/2,แห้วหมู,,,4,สลึง,17.4,สัดส่วนจากหน่วยเดียวกัน (สลึง),
NR023/2,ลูกจันทน์,,,8,สลึง,34.8,สัดส่วนจากหน่วยเดียวกัน (สลึง),
NR023/2,สมอไท,,,4,สลึง,17.4,สัดส่วนจากหน่วยเดียวกัน (สลึง),
NR024/1,ตรีกฏุก,,,7,ส่วน,25.9,สัดส่วนจากหน่วยเดียวกัน (ส่วน),
NR024/1,ขิง,,,6,ส่วน,22.2,สัดส่วนจากหน่วยเดียวกัน (ส่วน),
NR024/1,ดีปลี,,,7,ส่วน,25.9,สัดส่วนจากหน่วยเดียวกัน (ส่วน),
NR024/1,พริกไทย,,,2,ส่วน,7.4,สัดส่วนจากหน่วยเดียวกัน (ส่วน),
NR024/1,ชะเอมเทศ,,,5,ส่วน,18.5,สัดส่วนจากหน่วยเดียวกัน (ส่วน),
NR025/2,กระวาน,,,5,ส่วน,15.2,สัดส่วนจากหน่วยเดียวกัน (ส่วน),
NR025/2,สมอไทย,,,8,ส่วน,24.2,สัดส่วนจากหน่วยเดียวกัน (ส่วน),
NR025/2,มะกรูด,,,4,ส่วน,12.1,สัดส่วนจากหน่วยเดียวกัน (ส่วน),
NR025/2,เถาวัลย์เปรียง,,,2,ส่วน,6.1,สัดส่วนจากหน่วยเดียวกัน (ส่วน),
NR025/2,ไคร้เครือ,,,6,ส่วน,18.2,สัดส่วนจากหน่วยเดียวกัน (ส่วน),
NR025/2,ขมิ้นชัน,,,8,ส่วน,24.2,สัดส่วนจากหน่วยเดียวกัน (ส่วน),
NR026/1,สมอไทย,,,1,สลึง,3.7,สัดส่วนจากหน่วยเดียวกัน (สลึง),
NR026/1,สมอพิเภก,,,4,สลึง,14.8,สัดส่วนจากหน่วยเดียวกัน (สลึง),
NR026/1,มะขามป้อม,,,8,สลึง,29.6,สัดส่วนจากหน่วยเดียวกัน (สลึง),
NR026/1,ชะเอมเทศ,,,8,สลึง,29.6,สัดส่วนจากหน่วยเดียวกัน (สลึง),
NR026/1,ไคร้เครือ,,,6,สลึง,22.2,สัดส่วนจากหน่วยเดียวกัน (สลึง),
NR027/2,ขิงแห้ง,,,5,ส่วน,27.8,สัดส่วนจากหน่วยเดียวกัน (ส่วน),
NR027/2,ดีปลี,,,6,ส่วน,33.3,สัดส่วนจากหน่วยเดียวกัน (ส่วน),
NR027/2,มะกรูด,,,5,ส่วน,27.8,สัดส่วนจากหน่วยเดียวกัน (ส่วน),
NR027/2,สมอไทย,,,2,ส่วน,11.1,สัดส่วนจากหน่วยเดียวกัน (ส่วน),
NR028/2,ขิงแห้ง,,,5,บาท,18.5,สัดส่วนจากหน่วยเดียวกัน (บาท),
NR028/2,ดีปลี,,,6,บาท,22.2,สัดส่วนจากหน่วยเดียวกัน (บาท),
NR028/2,โกฐเชียง,,,2,บาท,7.4,สัดส่วนจากหน่วยเดียวกัน (บาท),
NR028/2,โกฐสอ,,,6,บาท,22.2,สัดส่วนจากหน่วยเดียวกัน (บาท),
NR028/2,ไคร้เครือ,,,1,บาท,3.7,สัดส่วนจากหน่วยเดียวกัน (บาท),
NR028/2,พริกไทย,,,7,บาท,25.9,สัดส่วนจากหน่วยเดียวกัน (บาท),
NR029/1,ขมิ้นชัน,,,3,บาท,8.3,สัดส่วนจากหน่วยเดียวกัน (บาท),
NR029/1,ไพล,,,8,บาท,22.2,สัดส่วนจากหน่วยเดียวกัน (บาท),
NR029/1,ดีปลี,,,8,บาท,22.2,สัดส่วนจากหน่วยเดียวกัน (บาท),
NR029/1,มะกรูด,,,3,บาท,8.3,สัดส่วนจากหน่วยเดียวกัน (บาท),
NR029/1,ว่านน้ำ,,,8,บาท,22.2,สัดส่วนจากหน่วยเดียวกัน (บาท),
NR029/1,ดอกจันทน์,,,4,บาท,11.1,สัดส่วนจากหน่วยเดียวกัน (บาท),
NR029/1,แห้วหมู,,,2,บาท,5.6,สัดส่วนจากหน่วยเดียวกัน (บาท),
NR030/2,ขิง,,,6,สลึง,24.0,สัดส่วนจากหน่วยเดียวกัน (สลึง),
NR030/2,ดีปลี,,,3,สลึง,12.0,สัดส่วนจากหน่วยเดียวกัน (สลึง),
NR030/2,พริกล่อน,,,6,สลึง,24.0,สัดส่วนจากหน่วยเดียวกัน (สลึง),
NR030/2,ชะเอมเทศ,,,1,สลึง,4.0,สัดส่วนจากหน่วยเดียวกัน (สลึง),
NR030/2,มะขามป้อม,,,2,สลึง,8.0,สัดส่วนจากหน่วยเดียวกัน (สลึง),
NR030/2,โกฐเขมา,,,7,สลึง,28.0,สัดส่วนจากหน่วยเดียวกัน (สลึง),
NR031/3,ชะเอมเทศ,,,6,บาท,20.7,สัดส่วนจากหน่วยเดียวกัน (บาท),
NR031/3,มะขามป้อม,,,8,บาท,27.6,สัดส่วนจากหน่วยเดียวกัน (บาท),
NR031/3,กานพลู,,,2,บาท,6.9,สัดส่วนจากหน่วยเดียวกัน (บาท),
NR031/3,มะกรูด,,,5,บาท,17.2,สัดส่วนจากหน่วยเดียวกัน (บาท),
NR031/3,ขิงแห้ง,,,6,บาท,20.7,สัดส่วนจากหน่วยเดียวกัน (บาท),
NR031/3,โกฐเขมา,,,2,บาท,6.9,สัดส่วนจากหน่วยเดียวกัน (บาท),
NR032/2,โกฐจุฬาลัมพา,,,5,สลึง,16.1,สัดส่วนจากหน่วยเดียวกัน (สลึง),
NR032/2,ดอกจันทน์,,,5,สลึง,16.1,สัดส่วนจากหน่วยเดียวกัน (สลึง),
NR032/2,มะกรูด,,,5,สลึง,16.1,สัดส่วนจากหน่วยเดียวกัน (สลึง),
NR032/2,การบูร,,,7,สลึง,22.6,สัดส่วนจากหน่วยเดียวกัน (สลึง),
NR032/2,พริกไทย,,,2,สลึง,6.5,สัดส่วนจากหน่วยเดียวกัน (สลึง),
NR032/2,ตะไคร้,,,7,สลึง,22.6,สัดส่วนจากหน่วยเดียวกัน (สลึง),
NR033/1,ว่านน้ำ,,,5,สลึง,18.5,สัดส่วนจากหน่วยเดียวกัน (สลึง),
NR033/1,ดีปลี,,,6,สลึง,22.2,สัดส่วนจากหน่วยเดียวกัน (สลึง),
NR033/1,กระวาน,,,1,สลึง,3.7,สัดส่วนจากหน่วยเดียวกัน (สลึง),
NR033/1,ดอกจันทน์,,,8,สลึง,29.6,สัดส่วนจากหน่วยเดียวกัน (สลึง),
NR033/1,ลูกจันทน์,,,1,สลึง,3.7,สัดส่วนจากหน่วยเดียวกัน (สลึง),
NR033/1,โกฐทั้ง 5,,,6,สลึง,22.2,สัดส่วนจากหน่วยเดียวกัน (สลึง),
NR034/3,ว่านน้ำ,,,3,บาท,15.8,สัดส่วนจากหน่วยเดียวกัน (บาท),
NR034/3,ดีปลี,,,1,บาท,5.3,สัดส่วนจากหน่วยเดียวกัน (บาท),
NR034/3,โกฐทั้ง 5,,,7,บาท,36.8,สัดส่วนจากหน่วยเดียวกัน (บาท),
NR034/3,ขิงแห้ง,,,2,บาท,10.5,สัดส่วนจากหน่วยเดียวกัน (บาท),
NR034/3,บอระเพ็ด,,,6,บาท,31.6,สัดส่วนจากหน่วยเดียวกัน (บาท),
NR035/2,เจตมูลเพลิงแดง,,,3,บาท,27.3,สัดส่วนจากหน่วยเดียวกัน (บาท),
NR035/2,โกฐหัวบัว,,,5,บาท,45.5,สัดส่วนจากหน่วยเดียวกัน (บาท),
NR035/2,แห้วหมู,,,3,บาท,27.3,สัดส่วนจากหน่วยเดียวกัน (บาท),
NR036/2,บอระเพ็ด,,,8,ส่วน,42.1,สัดส่วนจากหน่วยเดียวกัน (ส่วน),
NR036/2,พริกไทย,,,6,ส่วน,31.6,สัดส่วนจากหน่วยเดียวกัน (ส่วน),
NR036/2,อบเชย,,,3,ส่วน,15.8,สัดส่วนจากหน่วยเดียวกัน (ส่วน),
NR036/2,โกฐสอ,,,2,ส่วน,10.5,สัดส่วนจากหน่วยเดียวกัน (ส่วน),
NR037/3,กระวาน,,,4,บาท,13.3,สัดส่วนจากหน่วยเดียวกัน (บาท),
NR037/3,ดอกจันทน์,,,4,บาท,13.3,สัดส่วนจากหน่วยเดียวกัน (บาท),
NR037/3,ลูกจันทน์,,,8,บาท,26.7,สัดส่วนจากหน่วยเดียวกัน (บาท),
NR037/3,ชะเอมเทศ,,,8,บาท,26.7,สัดส่วนจากหน่วยเดียวกัน (บาท),
NR037/3,ไพล,,,6,บาท,20.0,สัดส่วนจากหน่วยเดียวกัน (บาท),
NR038/3,กานพลู,,,5,สลึง,20.8,สัดส่วนจากหน่วยเดียวกัน (สลึง),
NR038/3,ดอกจันทน์,,,8,สลึง,33.3,สัดส่วนจากหน่วยเดียวกัน (สลึง),
NR038/3,ขิงแห้ง,,,5,สลึง,20.8,สัดส่วนจากหน่วยเดียวกัน (สลึง),
NR038/3,มะกรูด,,,6,สลึง,25.0,สัดส่วนจากหน่วยเดียวกัน (สลึง),
NR039/3,ตรีกฏุก,,,1,บาท,4.5,สัดส่วนจากหน่วยเดียวกัน (บาท),
NR039/3,ขิง,,,8,บาท,36.4,สัดส่วนจากหน่วยเดียวกัน (บาท),
NR039/3,ดีปลี,,,1,บาท,4.5,สัดส่วนจากหน่วยเดียวกัน (บาท),
NR039/3,พริกไทย,,,8,บาท,36.4,สัดส่วนจากหน่วยเดียวกัน (บาท),
NR039/3,โกฐจุฬาลัมพา,,,4,บาท,18.2,สัดส่วนจากหน่วยเดียวกัน (บาท),
NR040/3,สมอไท,,,7,สลึง,38.9,สัดส่วนจากหน่วยเดียวกัน (สลึง),
NR040/3,สมอพิเภก,,,4,สลึง,22.2,สัดส่วนจากหน่วยเดียวกัน (สลึง),
NR040/3,มะขามป้อม,,,4,สลึง,22.2,สัดส่วนจากหน่วยเดียวกัน (สลึง),
NR040/3,กระเทียม,,,3,สลึง,16.7,สัดส่วนจากหน่วยเดียวกัน (สลึง),
NR041/1,กระวาน,,,1,บาท,5.3,สัดส่วนจากหน่วยเดียวกัน (บาท),
NR041/1,ดอกจันทน์,,,8,บาท,42.1,สัดส่วนจากหน่วยเดียวกัน (บาท),
NR041/1,ลูกจันทน์,,,8,บาท,42.1,สัดส่วนจากหน่วยเดียวกัน (บาท),
NR041/1,สมอพิเภก,,,2,บาท,10.5,สัดส่วนจากหน่วยเดียวกัน (บาท),
NR042/2,ดีปลี,,,1,บาท,4.8,สัดส่วนจากหน่วยเดียวกัน (บาท),
NR042/2,ขมิ้นชัน,,,6,บาท,28.6,สัดส่วนจากหน่วยเดียวกัน (บาท),
NR042/2,บอระเพ็ด,,,6,บาท,28.6,สัดส่วนจากหน่วยเดียวกัน (บาท),
NR042/2,ชะเอมเทศ,,,1,บาท,4.8,สัดส่วนจากหน่วยเดียวกัน (บาท),
NR042/2,ดอกจันทน์,,,7,บาท,33.3,สัดส่วนจากหน่วยเดียวกัน (บาท),
NR043/2,ขิง,,,6,ส่วน,31.6,สัดส่วนจากหน่วยเดียวกัน (ส่วน),
NR043/2,มะกรูด,,,1,ส่วน,5.3,สัดส่วนจากหน่วยเดียวกัน (ส่วน),
NR043/2,ไพล,,,5,ส่วน,26.3,สัดส่วนจากหน่วยเดียวกัน (ส่วน),
NR043/2,โกฐเชียง,,,7,ส่วน,36.8,สัดส่วนจากหน่วยเดียวกัน (ส่วน),
NR044/3,กานพลู,,,3,ส่วน,10.3,สัดส่วนจากหน่วยเดียวกัน (ส่วน),
NR044/3,ดอกจันทน์,,,2,ส่วน,6.9,สัดส่วนจากหน่วยเดียวกัน (ส่วน),
NR044/3,โกฐหัวบัว,,,8,ส่วน,27.6,สัดส่วนจากหน่วยเดียวกัน (ส่วน),
NR044/3,ว่านน้ำ,,,3,ส่วน,10.3,สัดส่วนจากหน่วยเดียวกัน (ส่วน),
NR044/3,โกฐสอ,,,7,ส่วน,24.1,สัดส่วนจากหน่วยเดียวกัน (ส่วน),
NR044/3,ดีปลี,,,6,ส่วน,20.7,สัดส่วนจากหน่วยเดียวกัน (ส่วน),
NR045/3,สมอไทย,,,4,สลึง,16.0,สัดส่วนจากหน่วยเดียวกัน (สลึง),
NR045/3,สมอพิเภก,,,5,สลึง,20.0,สัดส่วนจากหน่วยเดียวกัน (สลึง),
NR045/3,มะขามป้อม,,,6,สลึง,24.0,สัดส่วนจากหน่วยเดียวกัน (สลึง),
NR045/3,ขิงแห้ง,,,8,สลึง,32.0,สัดส่วนจากหน่วยเดียวกัน (สลึง),
NR045/3,มะกรูด,,,2,สลึง,8.0,สัดส่วนจากหน่วยเดียวกัน (สลึง),
NR046/3,ตรีกฏุก,,,3,บาท,9.7,สัดส่วนจากหน่วยเดียวกัน (บาท),
NR046/3,ชะเอมเทศ,,,7,บาท,22.6,สัดส่วนจากหน่วยเดียวกัน (บาท),
NR046/3,กระเทียม,,,5,บาท,16.1,สัดส่วนจากหน่วยเดียวกัน (บาท),
NR046/3,ดีปลี,,,5,บาท,16.1,สัดส่วนจากหน่วยเดียวกัน (บาท),
NR046/3,ขิง,,,5,บาท,16.1,สัดส่วนจากหน่วยเดียวกัน (บาท),
NR046/3,ตะไคร้,,,6,บาท,19.4,สัดส่วนจากหน่วยเดียวกัน (บาท),
NR047/1,ว่านน้ำ,,,5,บาท,23.8,สัดส่วนจากหน่วยเดียวกัน (บาท),
NR047/1,ดีปลี,,,5,บาท,23.8,สัดส่วนจากหน่วยเดียวกัน (บาท),
NR047/1,กระวาน,,,4,บาท,19.0,สัดส่วนจากหน่วยเดียวกัน (บาท),
NR047/1,ดอกจันทน์,,,2,บาท,9.5,สัดส่วนจากหน่วยเดียวกัน (บาท),
NR047/1,ลูกจันทน์,,,4,บาท,19.0,สัดส่วนจากหน่วยเดียวกัน (บาท),
NR047/1,ชะเอมเทศ,,,1,บาท,4.8,สัดส่วนจากหน่วยเดียวกัน (บาท),
NR048/1,ขิงแห้ง,,,4,ส่วน,16.7,สัดส่วนจากหน่วยเดียวกัน (ส่วน),
NR048/1,ดีปลี,,,4,ส่วน,16.7,สัดส่วนจากหน่วยเดียวกัน (ส่วน),
NR048/1,การบูร,,,5,ส่วน,20.8,สัดส่วนจากหน่วยเดียวกัน (ส่วน),
NR048/1,แห้วหมู,,,3,ส่วน,12.5,สัดส่วนจากหน่วยเดียวกัน (ส่วน),
NR048/1,มะกรูด,,,8,ส่วน,33.3,สัดส่วนจากหน่วยเดียวกัน (ส่วน),
NR049/1,ตรีกฏุก,,,4,สลึง,25.0,สัดส่วนจากหน่วยเดียวกัน (สลึง),
NR049/1,ขิง,,,4,สลึง,25.0,สัดส่วนจากหน่วยเดียวกัน (สลึง),
NR049/1,ดีปลี,,,2,สลึง,12.5,สัดส่วนจากหน่วยเดียวกัน (สลึง),
NR049/1,พริกไทย,,,5,สลึง,31.2,สัดส่วนจากหน่วยเดียวกัน (สลึง),
NR049/1,มะขามป้อม,,,1,สลึง,6.2,สัดส่วนจากหน่วยเดียวกัน (สลึง),
NR050/1,กระวาน,,,4,บาท,20.0,สัดส่วนจากหน่วยเดียวกัน (บาท),
NR050/1,ดอกจันทน์,,,2,บาท,10.0,สัดส่วนจากหน่วยเดียวกัน (บาท),
NR050/1,ลูกจันทน์,,,8,บาท,40.0,สัดส่วนจากหน่วยเดียวกัน (บาท),
NR050/1,ขิง,,,4,บาท,20.0,สัดส่วนจากหน่วยเดียวกัน (บาท),
NR050/1,แห้วหมู,,,2,บาท,10.0,สัดส่วนจากหน่วยเดียวกัน (บาท),
NR051/3,สมอไทย,,,8,บาท,30.8,สัดส่วนจากหน่วยเดียวกัน (บาท),
NR051/3,สมอพิเภก,,,7,บาท,26.9,สัดส่วนจากหน่วยเดียวกัน (บาท),
NR051/3,มะขามป้อม,,,2,บาท,7.7,สัดส่วนจากหน่วยเดียวกัน (บาท),
NR051/3,ขิง,,,1,บาท,3.8,สัดส่วนจากหน่วยเดียวกัน (บาท),
NR051/3,มะกรูด,,,3,บาท,11.5,สัดส่วนจากหน่วยเดียวกัน (บาท),
NR051/3,แห้วหมู,,,5,บาท,19.2,สัดส่วนจากหน่วยเดียวกัน (บาท),
NR052/1,ขิงแห้ง,,,8,ส่วน,25.0,สัดส่วนจากหน่วยเดียวกัน (ส่วน),
NR052/1,ดีปลี,,,8,ส่วน,25.0,สัดส่วนจากหน่วยเดียวกัน (ส่วน),
NR052/1,บอระเพ็ด,,,8,ส่วน,25.0,สัดส่วนจากหน่วยเดียวกัน (ส่วน),
NR052/1,ตะไคร้,,,3,ส่วน,9.4,สัดส่วนจากหน่วยเดียวกัน (ส่วน),
NR052/1,เทียนดำ,,,5,ส่วน,15.6,สัดส่วนจากหน่วยเดียวกัน (ส่วน),
NR053/2,เจตมูลเพลิงแดง,,,7,สลึง,25.9,สัดส่วนจากหน่วยเดียวกัน (สลึง),
NR053/2,ว่านน้ำ,,,8,สลึง,29.6,สัดส่วนจากหน่วยเดียวกัน (สลึง),
NR053/2,ไคร้เครือ,,,2,สลึง,7.4,สัดส่วนจากหน่วยเดียวกัน (สลึง),
NR053/2,พริกไทย,,,7,สลึง,25.9,สัดส่วนจากหน่วยเดียวกัน (สลึง),
NR053/2,กระเทียม,,,3,สลึง,11.1,สัดส่วนจากหน่วยเดียวกัน (สลึง),
NR054/3,กระวาน,,,5,สลึง,45.5,สัดส่วนจากหน่วยเดียวกัน (สลึง),
NR054/3,ดอกจันทน์,,,1,สลึง,9.1,สัดส่วนจากหน่วยเดียวกัน (สลึง),
NR054/3,ลูกจันทน์,,,1,สลึง,9.1,สัดส่วนจากหน่วยเดียวกัน (สลึง),
NR054/3,โกฐทั้ง 5,,,4,สลึง,36.4,สัดส่วนจากหน่วยเดียวกัน (สลึง),
NR055/2,กระวาน,,,7,บาท,25.9,สัดส่วนจากหน่วยเดียวกัน (บาท),
NR055/2,ดอกจันทน์,,,3,บาท,11.1,สัดส่วนจากหน่วยเดียวกัน (บาท),
NR055/2,ลูกจันทน์,,,1,บาท,3.7,สัดส่วนจากหน่วยเดียวกัน (บาท),
NR055/2,โกฐทั้ง 5,,,6,บาท,22.2,สัดส่วนจากหน่วยเดียวกัน (บาท),
NR055/2,สมอพิเภก,,,6,บาท,22.2,สัดส่วนจากหน่วยเดียวกัน (บาท),
NR055/2,โกฐจุฬาลัมพา,,,4,บาท,14.8,สัดส่วนจากหน่วยเดียวกัน (บาท),
NR056/1,ขิงแห้ง,,,1,ส่วน,7.7,สัดส่วนจากหน่วยเดียวกัน (ส่วน),
NR056/1,พริกไทย,,,4,ส่วน,30.8,สัดส่วนจากหน่วยเดียวกัน (ส่วน),
NR056/1,กระวาน,,,4,ส่วน,30.8,สัดส่วนจากหน่วยเดียวกัน (ส่วน),
NR056/1,เทียนดำ,,,2,ส่วน,15.4,สัดส่วนจากหน่วยเดียวกัน (ส่วน),
NR056/1,สมอพิเภก,,,2,ส่วน,15.4,สัดส่วนจากหน่วยเดียวกัน (ส่วน),
NR057/1,ไคร้เครือ,,,3,ส่วน,27.3,สัดส่วนจากหน่วยเดียวกัน (ส่วน),
NR057/1,บอระเพ็ด,,,4,ส่วน,36.4,สัดส่วนจากหน่วยเดียวกัน (ส่วน),
NR057/1,สมอไทย,,,4,ส่วน,36.4,สัดส่วนจากหน่วยเดียวกัน (ส่วน),
NR058/2,ตะไคร้,,,7,สลึง,26.9,สัดส่วนจากหน่วยเดียวกัน (สลึง),
NR058/2,แห้วหมู,,,8,สลึง,30.8,สัดส่วนจากหน่วยเดียวกัน (สลึง),
NR058/2,บอระเพ็ด,,,8,สลึง,30.8,สัดส่วนจากหน่วยเดียวกัน (สลึง),
NR058/2,การบูร,,,3,สลึง,11.5,สัดส่วนจากหน่วยเดียวกัน (สลึง),
NR059/3,ขิงแห้ง,,,5,ส่วน,14.3,สัดส่วนจากหน่วยเดียวกัน (ส่วน),
NR059/3,ดีปลี,,,5,ส่วน,14.3,สัดส่วนจากหน่วยเดียวกัน (ส่วน),
NR059/3,เจตมูลเพลิงแดง,,,4,ส่วน,11.4,สัดส่วนจากหน่วยเดียวกัน (ส่วน),
NR059/3,รากไคร้เครือ,,,7,ส่วน,20.0,สัดส่วนจากหน่วยเดียวกัน (ส่วน),
NR059/3,โกฐเชียง,,,8,ส่วน,22.9,สัดส่วนจากหน่วยเดียวกัน (ส่วน),
NR059/3,ชะเอมเทศ,,,3,ส่วน,8.6,สัดส่วนจากหน่วยเดียวกัน (ส่วน),
NR059/3,ว่านน้ำ,,,3,ส่วน,8.6,สัดส่วนจากหน่วยเดียวกัน (ส่วน),
NR060/3,ว่านน้ำ,,,5,ส่วน,16.1,สัดส่วนจากหน่วยเดียวกัน (ส่วน),
NR060/3,ดีปลี,,,2,ส่วน,6.5,สัดส่วนจากหน่วยเดียวกัน (ส่วน),
NR060/3,กระวาน,,,1,ส่วน,3.2,สัดส่วนจากหน่วยเดียวกัน (ส่วน),
NR060/3,ดอกจันทน์,,,7,ส่วน,22.6,สัดส่วนจากหน่วยเดียวกัน (ส่วน),
NR060/3,ลูกจันทน์,,,8,ส่วน,25.8,สัดส่วนจากหน่วยเดียวกัน (ส่วน),
NR060/3,โกฐสอ,,,8,ส่วน,25.8,สัดส่วนจากหน่วยเดียวกัน (ส่วน),
NR061/3,ขิง,,,8,สลึง,29.6,สัดส่วนจากหน่วยเดียวกัน (สลึง),
NR061/3,ดีปลี,,,2,สลึง,7.4,สัดส่วนจากหน่วยเดียวกัน (สลึง),
NR061/3,พริกไทย,,,8,สลึง,29.6,สัดส่วนจากหน่วยเดียวกัน (สลึง),
NR061/3,มะขามป้อม,,,3,สลึง,11.1,สัดส่วนจากหน่วยเดียวกัน (สลึง),
NR061/3,ลูกจันทน์,,,6,สลึง,22.2,สัดส่วนจากหน่วยเดียวกัน (สลึง),
NR062/2,หว้านน้ำ,,,4,สลึง,13.3,สัดส่วนจากหน่วยเดียวกัน (สลึง),
NR062/2,ดีปลี,,,7,สลึง,23.3,สัดส่วนจากหน่วยเดียวกัน (สลึง),
NR062/2,บอระเพ็ด,,,6,สลึง,20.0,สัดส่วนจากหน่วยเดียวกัน (สลึง),
NR062/2,สมอไทย,,,5,สลึง,16.7,สัดส่วนจากหน่วยเดียวกัน (สลึง),
NR062/2,เจตมูลเพลิงแดง,,,8,สลึง,26.7,สัดส่วนจากหน่วยเดียวกัน (สลึง),
NR063/3,บอระเพ็ด,,,2,บาท,11.1,สัดส่วนจากหน่วยเดียวกัน (บาท),
NR063/3,กระวาน,,,6,บาท,33.3,สัดส่วนจากหน่วยเดียวกัน (บาท),
NR063/3,โกฐจุฬาลัมพา,,,2,บาท,11.1,สัดส่วนจากหน่วยเดียวกัน (บาท),
NR063/3,มะขามป้อม,,,1,บาท,5.6,สัดส่วนจากหน่วยเดียวกัน (บาท),
NR063/3,ไพล,,,1,บาท,5.6,สัดส่วนจากหน่วยเดียวกัน (บาท),
NR063/3,ว่านน้ำ,,,5,บาท,27.8,สัดส่วนจากหน่วยเดียวกัน (บาท),
NR063/3,เถาวัลย์เปรียง,,,1,บาท,5.6,สัดส่วนจากหน่วยเดียวกัน (บาท),
NR064/1,ว่านน้ำ,,,6,บาท,14.3,สัดส่วนจากหน่วยเดียวกัน (บาท),
NR064/1,ดีปลี,,,8,บาท,19.0,สัดส่วนจากหน่วยเดียวกัน (บาท),
NR064/1,กระวาน,,,2,บาท,4.8,สัดส่วนจากหน่วยเดียวกัน (บาท),
NR064/1,ดอกจันทน์,,,7,บาท,16.7,สัดส่วนจากหน่วยเดียวกัน (บาท),
NR064/1,ลูกจันทน์,,,7,บาท,16.7,สัดส่วนจากหน่วยเดียวกัน (บาท),
NR064/1,โกฐหัวบัว,,,8,บาท,19.0,สัดส่วนจากหน่วยเดียวกัน (บาท),
NR064/1,ขมิ้นชัน,,,4,บาท,9.5,สัดส่วนจากหน่วยเดียวกัน (บาท),
NR065/1,ตรีกฏุก,,,6,ส่วน,33.3,สัดส่วนจากหน่วยเดียวกัน (ส่วน),
NR065/1,ชะเอมเทศ,,,4,ส่วน,22.2,สัดส่วนจากหน่วยเดียวกัน (ส่วน),
NR065/1,อบเชย,,,8,ส่วน,44.4,สัดส่วนจากหน่วยเดียวกัน (ส่วน),
NR066/2,ชะเอมเทศ,,,8,ส่วน,33.3,สัดส่วนจากหน่วยเดียวกัน (ส่วน),
NR066/2,มะขามป้อม,,,4,ส่วน,16.7,สัดส่วนจากหน่วยเดียวกัน (ส่วน),
NR066/2,ดอกจันทน์,,,7,ส่วน,29.2,สัดส่วนจากหน่วยเดียวกัน (ส่วน),
NR066/2,โกฐเชียง,,,4,ส่วน,16.7,สัดส่วนจากหน่วยเดียวกัน (ส่วน),
NR066/2,กระเทียม,,,1,ส่วน,4.2,สัดส่วนจากหน่วยเดียวกัน (ส่วน),
NR067/1,กระวาน,,,1,สลึง,4.5,สัดส่วนจากหน่วยเดียวกัน (สลึง),
NR067/1,ชะเอมเทศ,,,8,สลึง,36.4,สัดส่วนจากหน่วยเดียวกัน (สลึง),
NR067/1,มะขามป้อม,,,5,สลึง,22.7,สัดส่วนจากหน่วยเดียวกัน (สลึง),
NR067/1,อบเชย,,,3,สลึง,13.6,สัดส่วนจากหน่วยเดียวกัน (สลึง),
NR067/1,สมอไทย,,,5,สลึง,22.7,สัดส่วนจากหน่วยเดียวกัน (สลึง),
NR068/2,ขิง,,,8,ส่วน,42.1,สัดส่วนจากหน่วยเดียวกัน (ส่วน),
NR068/2,ดีปลี,,,2,ส่วน,10.5,สัดส่วนจากหน่วยเดียวกัน (ส่วน),
NR068/2,เจตมูลเพลิงแดง,,,6,ส่วน,31.6,สัดส่วนจากหน่วยเดียวกัน (ส่วน),
NR068/2,แห้วหมู,,,3,ส่วน,15.8,สัดส่วนจากหน่วยเดียวกัน (ส่วน),
NR069/3,ขิง,,,8,สลึง,44.4,สัดส่วนจากหน่วยเดียวกัน (สลึง),
NR069/3,ดีปลี,,,2,สลึง,11.1,สัดส่วนจากหน่วยเดียวกัน (สลึง),
NR069/3,สมอพิเภก,,,8,สลึง,44.4,สัดส่วนจากหน่วยเดียวกัน (สลึง),
NR070/1,ลูกจันทน์,,,4,ส่วน,15.4,สัดส่วนจากหน่วยเดียวกัน (ส่วน),
NR070/1,โกฐเขมา,,,2,ส่วน,7.7,สัดส่วนจากหน่วยเดียวกัน (ส่วน),
NR070/1,การบูร,,,2,ส่วน,7.7,สัดส่วนจากหน่วยเดียวกัน (ส่วน),
NR070/1,โกฐเชียง,,,5,ส่วน,19.2,สัดส่วนจากหน่วยเดียวกัน (ส่วน),
NR070/1,ชะเอมเทศ,,,4,ส่วน,15.4,สัดส่วนจากหน่วยเดียวกัน (ส่วน),
NR070/1,ไพล,,,3,ส่วน,11.5,สัดส่วนจากหน่วยเดียวกัน (ส่วน),
NR070/1,ไคร้เครือ,,,6,ส่วน,23.1,สัดส่วนจากหน่วยเดียวกัน (ส่วน),
NR071/2,ตรีกฏุก,,,7,ส่วน,28.0,สัดส่วนจากหน่วยเดียวกัน (ส่วน),
NR071/2,ขิง,,,8,ส่วน,32.0,สัดส่วนจากหน่วยเดียวกัน (ส่วน),
NR071/2,ดีปลี,,,5,ส่วน,20.0,สัดส่วนจากหน่วยเดียวกัน (ส่วน),
NR071/2,พริกไทย,,,5,ส่วน,20.0,สัดส่วนจากหน่วยเดียวกัน (ส่วน),
NR072/2,ชะเอมเทศ,,,6,บาท,20.0,สัดส่วนจากหน่วยเดียวกัน (บาท),
NR072/2,โกฐเชียง,,,5,บาท,16.7,สัดส่วนจากหน่วยเดียวกัน (บาท),
NR072/2,ขมิ้นชัน,,,3,บาท,10.0,สัดส่วนจากหน่วยเดียวกัน (บาท),
NR072/2,พริกไทย,,,1,บาท,3.3,สัดส่วนจากหน่วยเดียวกัน (บาท),
NR072/2,สมอพิเภก,,,7,บาท,23.3,สัดส่วนจากหน่วยเดียวกัน (บาท),
NR072/2,โกฐหัวบัว,,,8,บาท,26.7,สัดส่วนจากหน่วยเดียวกัน (บาท),
NR073/2,ขิง,,,5,ส่วน,20.0,สัดส่วนจากหน่วยเดียวกัน (ส่วน),
NR073/2,ดีปลี,,,8,ส่วน,32.0,สัดส่วนจากหน่วยเดียวกัน (ส่วน),
NR073/2,ตะไคร้,,,4,ส่วน,16.0,สัดส่วนจากหน่วยเดียวกัน (ส่วน),
NR073/2,กระเทียม,,,8,ส่วน,32.0,สัดส่วนจากหน่วยเดียวกัน (ส่วน),
NR074/1,สมอไทย,,,6,ส่วน,28.6,สัดส่วนจากหน่วยเดียวกัน (ส่วน),
NR074/1,สมอพิเภก,,,4,ส่วน,19.0,สัดส่วนจากหน่วยเดียวกัน (ส่วน),
NR074/1,มะขามป้อม,,,4,ส่วน,19.0,สัดส่วนจากหน่วยเดียวกัน (ส่วน),
NR074/1,โกฐหัวบัว,,,7,ส่วน,33.3,สัดส่วนจากหน่วยเดียวกัน (ส่วน),
NR075/3,หว้านน้ำ,,,7,ส่วน,33.3,สัดส่วนจากหน่วยเดียวกัน (ส่วน),
NR075/3,ดีปลี,,,4,ส่วน,19.0,สัดส่วนจากหน่วยเดียวกัน (ส่วน),
NR075/3,การบูร,,,2,ส่วน,9.5,สัดส่วนจากหน่วยเดียวกัน (ส่วน),
NR075/3,ลูกจันทน์,,,8,ส่วน,38.1,สัดส่วนจากหน่วยเดียวกัน (ส่วน),
NR076/2,ว่านน้ำ,,,1,สลึง,16.7,สัดส่วนจากหน่วยเดียวกัน (สลึง),
NR076/2,ดีปลี,,,2,สลึง,33.3,สัดส่วนจากหน่วยเดียวกัน (สลึง),
NR076/2,สมอพิเภก,,,3,สลึง,50.0,สัดส่วนจากหน่วยเดียวกัน (สลึง),
NR077/3,กานพลู,,,2,บาท,10.5,สัดส่วนจากหน่วยเดียวกัน (บาท),
NR077/3,ดอกจันทน์,,,6,บาท,31.6,สัดส่วนจากหน่วยเดียวกัน (บาท),
NR077/3,ขิง,,,8,บาท,42.1,สัดส่วนจากหน่วยเดียวกัน (บาท),
NR077/3,มะกรูด,,,2,บาท,10.5,สัดส่วนจากหน่วยเดียวกัน (บาท),
NR077/3,โกฐจุฬาลัมพา,,,1,บาท,5.3,สัดส่วนจากหน่วยเดียวกัน (บาท),
NR078/3,ตรีกฏุก,,,3,ส่วน,13.6,สัดส่วนจากหน่วยเดียวกัน (ส่วน),
NR078/3,ขิง,,,3,ส่วน,13.6,สัดส่วนจากหน่วยเดียวกัน (ส่วน),
NR078/3,ดีปลี,,,5,ส่วน,22.7,สัดส่วนจากหน่วยเดียวกัน (ส่วน),
NR078/3,พริกไทย,,,5,ส่วน,22.7,สัดส่วนจากหน่วยเดียวกัน (ส่วน),
NR078/3,ชะเอมเทศ,,,6,ส่วน,27.3,สัดส่วนจากหน่วยเดียวกัน (ส่วน),
NR079/2,ขิง,,,3,สลึง,18.8,สัดส่วนจากหน่วยเดียวกัน (สลึง),
NR079/2,ดีปลี,,,8,สลึง,50.0,สัดส่วนจากหน่วยเดียวกัน (สลึง),
NR079/2,โกฐจุฬาลัมพา,,,2,สลึง,12.5,สัดส่วนจากหน่วยเดียวกัน (สลึง),
NR079/2,อบเชย,,,3,สลึง,18.8,สัดส่วนจากหน่วยเดียวกัน (สลึง),
NR080/3,กระเทียม,,,3,สลึง,50.0,สัดส่วนจากหน่วยเดียวกัน (สลึง),
NR080/3,ว่านน้ำ,,,2,สลึง,33.3,สัดส่วนจากหน่วยเดียวกัน (สลึง),
NR080/3,แห้วหมู,,,1,สลึง,16.7,สัดส่วนจากหน่วยเดียวกัน (สลึง),
NR081/3,ตรีกฏุก,,,2,สลึง,15.4,สัดส่วนจากหน่วยเดียวกัน (สลึง),
NR081/3,ชะเอมเทศ,,,5,สลึง,38.5,สัดส่วนจากหน่วยเดียวกัน (สลึง),
NR081/3,มะขามป้อม,,,6,สลึง,46.2,สัดส่วนจากหน่วยเดียวกัน (สลึง),
NR082/3,ไพล,,,1,ส่วน,3.7,สัดส่วนจากหน่วยเดียวกัน (ส่วน),
NR082/3,ขมิ้นชัน,,,8,ส่วน,29.6,สัดส่วนจากหน่วยเดียวกัน (ส่วน),
NR082/3,เถาวัลย์เปรียง,,,7,ส่วน,25.9,สัดส่วนจากหน่วยเดียวกัน (ส่วน),
NR082/3,ขิง,,,7,ส่วน,25.9,สัดส่วนจากหน่วยเดียวกัน (ส่วน),
NR082/3,พริกไทย,,,4,ส่วน,14.8,สัดส่วนจากหน่วยเดียวกัน (ส่วน),
NR083/1,ขิง,,,8,สลึง,36.4,สัดส่วนจากหน่วยเดียวกัน (สลึง),
NR083/1,มะกรูด,,,4,สลึง,18.2,สัดส่วนจากหน่วยเดียวกัน (สลึง),
NR083/1,อบเชย,,,3,สลึง,13.6,สัดส่วนจากหน่วยเดียวกัน (สลึง),
NR083/1,ไคร้เครือ,,,7,สลึง,31.8,สัดส่วนจากหน่วยเดียวกัน (สลึง),
NR084/2,ดอกจันทน์,,,6,บาท,30.0,สัดส่วนจากหน่วยเดียวกัน (บาท),
NR084/2,มะขามป้อม,,,5,บาท,25.0,สัดส่วนจากหน่วยเดียวกัน (บาท),
NR084/2,ขมิ้นชัน,,,7,บาท,35.0,สัดส่วนจากหน่วยเดียวกัน (บาท),
NR084/2,มะกรูด,,,2,บาท,10.0,สัดส่วนจากหน่วยเดียวกัน (บาท),
NR085/2,บอระเพ็ด,,,4,บาท,22.2,สัดส่วนจากหน่วยเดียวกัน (บาท),
NR085/2,ชะเอมเทศ,,,3,บาท,16.7,สัดส่วนจากหน่วยเดียวกัน (บาท),
NR085/2,ว่านน้ำ,,,4,บาท,22.2,สัดส่วนจากหน่วยเดียวกัน (บาท),
NR085/2,กานพลู,,,7,บาท,38.9,สัดส่วนจากหน่วยเดียวกัน (บาท),
