recipe_id,book,name,original_text,indication_text,preparation,vehicle,dosage_form,usage,category,duplicate_of,review_status
NR001/3,NR,[จำลอง] ยาแก้ธาตุพิการ,,[จำลอง] คลื่นไส้,[จำลอง] ทำเป็นยาต้ม,น้ำผึ้ง,ยาต้ม,[จำลอง],,,pending
NR002/2,NR,[จำลอง] ยาแก้ไอ,,[จำลอง] เจ็บคอ แน่นหน้าอก มีเสมหะ,[จำลอง] ทำเป็นยาต้ม,น้ำมะนาว,ยาลูกกลอน,[จำลอง],,,pending
NR003/1,NR,[จำลอง] ยาแก้ธาตุพิการ,,[จำลอง] ท้องร่วง,[จำลอง] ทำเป็นยาต้ม,น้ำมะนาว,ยาผง,[จำลอง],,,pending
NR004/3,NR,[จำลอง] ยาแก้ปวดข้อ,,[จำลอง] ปวดเมื่อย,[จำลอง] ทำเป็นยาลูกกลอน,น้ำร้อน,ยาต้ม,[จำลอง],,,pending
NR005/3,NR,[จำลอง] ยาแก้ปวดข้อ,,[จำลอง] ข้อบวม,[จำลอง] ทำเป็นยาลูกกลอน,น้ำร้อน,ยาผง,[จำลอง],,,pending
NR006/2,NR,[จำลอง] ยาแก้ปวดข้อ,,[จำลอง] ข้อบวม ปวดเมื่อย ปวดข้อ,[จำลอง] ทำเป็นยาต้ม,น้ำร้อน,ยาต้ม,[จำลอง],,,pending
NR007/1,NR,[จำลอง] ยาแก้ปวดข้อ,,[จำลอง] ปวดข้อ,[จำลอง] ทำเป็นยาลูกกลอน,น้ำมะนาว,ยาต้ม,[จำลอง],,,pending
NR008/2,NR,[จำลอง] ยาแก้ธาตุพิการ,,[จำลอง] ท้องอืด,[จำลอง] ทำเป็นยาลูกกลอน,น้ำผึ้ง,ยาต้ม,[จำลอง],,,pending
NR009/3,NR,[จำลอง] ยาแก้ธาตุพิการ,,[จำลอง] จุกเสียด ท้องร่วง,[จำลอง] ทำเป็นยาผง,น้ำผึ้ง,ยาต้ม,[จำลอง],,,pending
NR010/2,NR,[จำลอง] ยาแก้ธาตุพิการ,,[จำลอง] ท้องอืด คลื่นไส้ จุกเสียด,[จำลอง] ทำเป็นยาผง,น้ำผึ้ง,ยาลูกกลอน,[จำลอง],,,pending
NR011/1,NR,[จำลอง] ยาแก้ปวดข้อ,,[จำลอง] ข้อบวม,[จำลอง] ทำเป็นยาลูกกลอน,น้ำผึ้ง,ยาลูกกลอน,[จำลอง],,,pending
NR012/2,NR,[จำลอง] ยาแก้ไข้,,[จำลอง] หนาวสั่น,[จำลอง] ทำเป็นยาลูกกลอน,น้ำมะนาว,ยาผง,[จำลอง],,,pending
NR013/1,NR,[จำลอง] ยาแก้ไข้,,[จำลอง] ตัวร้อน ไข้ หนาวสั่น,[จำลอง] ทำเป็นยาผง,น้ำร้อน,ยาผง,[จำลอง],,,pending
NR014/2,NR,[จำลอง] ยาแก้ธาตุพิการ,,[จำลอง] ท้องอืด คลื่นไส้ ท้องร่วง,[จำลอง] ทำเป็นยาผง,น้ำมะนาว,ยาลูกกลอน,[จำลอง],,,pending
NR015/3,NR,[จำลอง] ยาแก้ธาตุพิการ,,[จำลอง] คลื่นไส้ ท้องอืด จุกเสียด,[จำลอง] ทำเป็นยาลูกกลอน,น้ำผึ้ง,ยาลูกกลอน,[จำลอง],,,pending
NR016/2,NR,[จำลอง] ยาแก้ปวดข้อ,,[จำลอง] ปวดเมื่อย ปวดข้อ ข้อบวม,[จำลอง] ทำเป็นยาลูกกลอน,น้ำมะนาว,ยาลูกกลอน,[จำลอง],,,pending
NR017/1,NR,[จำลอง] ยาแก้ลมวิงเวียน,,[จำลอง] อ่อนเพลีย หน้ามืด,[จำลอง] ทำเป็นยาผง,น้ำมะนาว,ยาผง,[จำลอง],,,pending
NR018/3,NR,[จำลอง] ยาแก้ไข้,,[จำลอง] ไข้ ปวดศีรษะ คลื่นไส้,[จำลอง] ทำเป็นยาผง,น้ำมะนาว,ยาลูกกลอน,[จำลอง],,,pending
NR019/1,NR,[จำลอง] ยาแก้ธาตุพิการ,,[จำลอง] คลื่นไส้ จุกเสียด ท้องอืด,[จำลอง] ทำเป็นยาลูกกลอน,น้ำร้อน,ยาต้ม,[จำลอง],,,pending
NR020/3,NR,[จำลอง] ยาแก้ไข้,,[จำลอง] หนาวสั่น ไข้ ตัวร้อน,[จำลอง] ทำเป็นยาผง,น้ำมะนาว,ยาลูกกลอน,[จำลอง],,,pending
NR021/1,NR,[จำลอง] ยาแก้ลมวิงเวียน,,[จำลอง] หน้ามืด อ่อนเพลีย เวียนหัว,[จำลอง] ทำเป็นยาต้ม,น้ำผึ้ง,ยาต้ม,[จำลอง],,,pending
NR022/3,NR,[จำลอง] ยาแก้ไข้,,[จำลอง] ไข้ ตัวร้อน,[จำลอง] ทำเป็นยาผง,น้ำร้อน,ยาลูกกลอน,[จำลอง],,,pending
NR023/2,NR,[จำลอง] ยาแก้ปวดข้อ,,[จำลอง] ข้อบวม เวียนหัว,[จำลอง] ทำเป็นยาผง,น้ำร้อน,ยาต้ม,[จำลอง],,,pending
NR024/1,NR,[จำลอง] ยาแก้ไอ,,[จำลอง] แน่นหน้าอก เจ็บคอ,[จำลอง] ทำเป็นยาต้ม,น้ำมะนาว,ยาต้ม,[จำลอง],,,pending
NR025/2,NR,[จำลอง] ยาแก้ลมวิงเวียน,,[จำลอง] อ่อนเพลีย หน้ามืด,[จำลอง] ทำเป็นยาต้ม,น้ำมะนาว,ยาผง,[จำลอง],,,pending
NR026/1,NR,[จำลอง] ยาแก้ธาตุพิการ,,[จำลอง] คลื่นไส้ จุกเสียด,[จำลอง] ทำเป็นยาผง,น้ำผึ้ง,ยาต้ม,[จำลอง],,,pending
NR027/2,NR,[จำลอง] ยาแก้ไข้,,[จำลอง] ปวดศีรษะ ตัวร้อน หนาวสั่น,[จำลอง] ทำเป็นยาผง,น้ำมะนาว,ยาผง,[จำลอง],,,pending
NR028/2,NR,[จำลอง] ยาแก้ไข้,,[จำลอง] ตัวร้อน ปวดศีรษะ,[จำลอง] ทำเป็นยาลูกกลอน,น้ำผึ้ง,ยาลูกกลอน,[จำลอง],,,pending
NR029/1,NR,[จำลอง] ยาแก้ไอ,,[จำลอง] เจ็บคอ,[จำลอง] ทำเป็นยาผง,น้ำมะนาว,ยาลูกกลอน,[จำลอง],,,pending
NR030/2,NR,[จำลอง] ยาแก้ไอ,,[จำลอง] มีเสมหะ ไอ,[จำลอง] ทำเป็นยาผง,น้ำร้อน,ยาลูกกลอน,[จำลอง],,,pending
NR031/3,NR,[จำลอง] ยาแก้ไอ,,[จำลอง] ไอ แน่นหน้าอก,[จำลอง] ทำเป็นยาผง,น้ำผึ้ง,ยาลูกกลอน,[จำลอง],,,pending
NR032/2,NR,[จำลอง] ยาแก้ไข้,,[จำลอง] ไข้ ตัวร้อน,[จำลอง] ทำเป็นยาต้ม,น้ำผึ้ง,ยาผง,[จำลอง],,,pending
NR033/1,NR,[จำลอง] ยาแก้ลมวิงเวียน,,[จำลอง] หน้ามืด,[จำลอง] ทำเป็นยาต้ม,น้ำร้อน,ยาลูกกลอน,[จำลอง],,,pending
NR034/3,NR,[จำลอง] ยาแก้ลมวิงเวียน,,[จำลอง] เวียนหัว หน้ามืด,[จำลอง] ทำเป็นยาลูกกลอน,น้ำผึ้ง,ยาลูกกลอน,[จำลอง],,,pending
NR035/2,NR,[จำลอง] ยาแก้ธาตุพิการ,,[จำลอง] ท้องร่วง คลื่นไส้ ท้องอืด,[จำลอง] ทำเป็นยาลูกกลอน,น้ำผึ้ง,ยาต้ม,[จำลอง],,,pending
NR036/2,NR,[จำลอง] ยาแก้ไข้,,[จำลอง] หนาวสั่น ตัวร้อน ไข้,[จำลอง] ทำเป็นยาต้ม,น้ำผึ้ง,ยาผง,[จำลอง],,,pending
NR037/3,NR,[จำลอง] ยาแก้ลมวิงเวียน,,[จำลอง] เวียนหัว หน้ามืด ปวดเมื่อย,[จำลอง] ทำเป็นยาต้ม,น้ำมะนาว,ยาผง,[จำลอง],,,pending
NR038/3,NR,[จำลอง] ยาแก้ธาตุพิการ,,[จำลอง] ท้องอืด ท้องร่วง ไอ,[จำลอง] ทำเป็นยาต้ม,น้ำผึ้ง,ยาลูกกลอน,[จำลอง],,,pending
NR039/3,NR,[จำลอง] ยาแก้ไอ,,[จำลอง] เจ็บคอ,[จำลอง] ทำเป็นยาต้ม,น้ำมะนาว,ยาผง,[จำลอง],,,pending
NR040/3,NR,[จำลอง] ยาแก้ธาตุพิการ,,[จำลอง] ท้องร่วง จุกเสียด ท้องอืด,[จำลอง] ทำเป็นยาต้ม,น้ำมะนาว,ยาต้ม,[จำลอง],,,pending
NR041/1,NR,[จำลอง] ยาแก้ลมวิงเวียน,,[จำลอง] อ่อนเพลีย เวียนหัว หน้ามืด,[จำลอง] ทำเป็นยาลูกกลอน,น้ำมะนาว,ยาผง,[จำลอง],,,pending
NR042/2,NR,[จำลอง] ยาแก้ลมวิงเวียน,,[จำลอง] อ่อนเพลีย,[จำลอง] ทำเป็นยาลูกกลอน,น้ำมะนาว,ยาลูกกลอน,[จำลอง],,,pending
NR043/2,NR,[จำลอง] ยาแก้ธาตุพิการ,,[จำลอง] ท้องอืด,[จำลอง] ทำเป็นยาผง,น้ำมะนาว,ยาต้ม,[จำลอง],,,pending
NR044/3,NR,[จำลอง] ยาแก้ธาตุพิการ,,[จำลอง] ท้องร่วง คลื่นไส้,[จำลอง] ทำเป็นยาผง,น้ำมะนาว,ยาต้ม,[จำลอง],,,pending
NR045/3,NR,[จำลอง] ยาแก้ธาตุพิการ,,[จำลอง] ท้องร่วง,[จำลอง] ทำเป็นยาต้ม,น้ำร้อน,ยาลูกกลอน,[จำลอง],,,pending
NR046/3,NR,[จำลอง] ยาแก้ไอ,,[จำลอง] ไอ,[จำลอง] ทำเป็นยาต้ม,น้ำร้อน,ยาลูกกลอน,[จำลอง],,,pending
NR047/1,NR,[จำลอง] ยาแก้ลมวิงเวียน,,[จำลอง] เวียนหัว อ่อนเพลีย,[จำลอง] ทำเป็นยาต้ม,น้ำมะนาว,ยาลูกกลอน,[จำลอง],,,pending
NR048/1,NR,[จำลอง] ยาแก้ไข้,,[จำลอง] ปวดศีรษะ,[จำลอง] ทำเป็นยาผง,น้ำผึ้ง,ยาต้ม,[จำลอง],,,pending
NR049/1,NR,[จำลอง] ยาแก้ไอ,,[จำลอง] แน่นหน้าอก ไอ มีเสมหะ,[จำลอง] ทำเป็นยาผง,น้ำผึ้ง,ยาลูกกลอน,[จำลอง],,,pending
NR050/1,NR,[จำลอง] ยาแก้ลมวิงเวียน,,[จำลอง] อ่อนเพลีย,[จำลอง] ทำเป็นยาต้ม,น้ำร้อน,ยาผง,[จำลอง],,,pending
NR051/3,NR,[จำลอง] ยาแก้ธาตุพิการ,,[จำลอง] ท้องอืด คลื่นไส้ อ่อนเพลีย,[จำลอง] ทำเป็นยาผง,น้ำร้อน,ยาผง,[จำลอง],,,pending
NR052/1,NR,[จำลอง] ยาแก้ไข้,,[จำลอง] หนาวสั่น ปวดศีรษะ ไข้,[จำลอง] ทำเป็นยาผง,น้ำร้อน,ยาลูกกลอน,[จำลอง],,,pending
NR053/2,NR,[จำลอง] ยาแก้ลมวิงเวียน,,[จำลอง] เวียนหัว หน้ามืด,[จำลอง] ทำเป็นยาผง,น้ำมะนาว,ยาผง,[จำลอง],,,pending
NR054/3,NR,[จำลอง] ยาแก้ลมวิงเวียน,,[จำลอง] เวียนหัว อ่อนเพลีย หน้ามืด,[จำลอง] ทำเป็นยาต้ม,น้ำมะนาว,ยาผง,[จำลอง],,,pending
NR055/2,NR,[จำลอง] ยาแก้ลมวิงเวียน,,[จำลอง] อ่อนเพลีย,[จำลอง] ทำเป็นยาลูกกลอน,น้ำผึ้ง,ยาผง,[จำลอง],,,pending
NR056/1,NR,[จำลอง] ยาแก้ปวดข้อ,,[จำลอง] ปวดเมื่อย,[จำลอง] ทำเป็นยาผง,น้ำร้อน,ยาต้ม,[จำลอง],,,pending
NR057/1,NR,[จำลอง] ยาแก้ไอ,,[จำลอง] เจ็บคอ ไอ,[จำลอง] ทำเป็นยาลูกกลอน,น้ำผึ้ง,ยาต้ม,[จำลอง],,,pending
NR058/2,NR,[จำลอง] ยาแก้ไข้,,[จำลอง] ตัวร้อน หนาวสั่น,[จำลอง] ทำเป็นยาผง,น้ำร้อน,ยาผง,[จำลอง],,,pending
NR059/3,NR,[จำลอง] ยาแก้ไข้,,[จำลอง] ตัวร้อน หนาวสั่น ปวดศีรษะ,[จำลอง] ทำเป็นยาต้ม,น้ำมะนาว,ยาผง,[จำลอง],,,pending
NR060/3,NR,[จำลอง] ยาแก้ลมวิงเวียน,,[จำลอง] หน้ามืด เวียนหัว อ่อนเพลีย,[จำลอง] ทำเป็นยาต้ม,น้ำมะนาว,ยาลูกกลอน,[จำลอง],,,pending
NR061/3,NR,[จำลอง] ยาแก้ไอ,,[จำลอง] เจ็บคอ มีเสมหะ,[จำลอง] ทำเป็นยาผง,น้ำมะนาว,ยาผง,[จำลอง],,,pending
NR062/2,NR,[จำลอง] ยาแก้ลมวิงเวียน,,[จำลอง] เวียนหัว หน้ามืด,[จำลอง] ทำเป็นยาลูกกลอน,น้ำผึ้ง,ยาลูกกลอน,[จำลอง],,,pending
NR063/3,NR,[จำลอง] ยาแก้ลมวิงเวียน,,[จำลอง] เวียนหัว อ่อนเพลีย หน้ามืด,[จำลอง] ทำเป็นยาผง,น้ำมะนาว,ยาผง,[จำลอง],,,pending
NR064/1,NR,[จำลอง] ยาแก้ลมวิงเวียน,,[จำลอง] หน้ามืด เจ็บคอ,[จำลอง] ทำเป็นยาต้ม,น้ำมะนาว,ยาผง,[จำลอง],,,pending
NR065/1,NR,[จำลอง] ยาแก้ไอ,,[จำลอง] แน่นหน้าอก มีเสมหะ,[จำลอง] ทำเป็นยาต้ม,น้ำร้อน,ยาผง,[จำลอง],,,pending
NR066/2,NR,[จำลอง] ยาแก้ไอ,,[จำลอง] มีเสมหะ แน่นหน้าอก ไอ,[จำลอง] ทำเป็นยาต้ม,น้ำมะนาว,ยาผง,[จำลอง],,,pending
NR067/1,NR,[จำลอง] ยาแก้ไอ,,[จำลอง] มีเสมหะ,[จำลอง] ทำเป็นยาลูกกลอน,น้ำผึ้ง,ยาลูกกลอน,[จำลอง],,,pending
NR068/2,NR,[จำลอง] ยาแก้ไข้,,[จำลอง] หนาวสั่น,[จำลอง] ทำเป็นยาลูกกลอน,น้ำร้อน,ยาลูกกลอน,[จำลอง],,,pending
NR069/3,NR,[จำลอง] ยาแก้ไข้,,[จำลอง] ตัวร้อน ไข้,[จำลอง] ทำเป็นยาต้ม,น้ำผึ้ง,ยาผง,[จำลอง],,,pending
NR070/1,NR,[จำลอง] ยาแก้ไข้,,[จำลอง] ตัวร้อน ปวดศีรษะ ไข้,[จำลอง] ทำเป็นยาลูกกลอน,น้ำผึ้ง,ยาผง,[จำลอง],,,pending
NR071/2,NR,[จำลอง] ยาแก้ไอ,,[จำลอง] เจ็บคอ,[จำลอง] ทำเป็นยาผง,น้ำมะนาว,ยาต้ม,[จำลอง],,,pending
NR072/2,NR,[จำลอง] ยาแก้ไอ,,[จำลอง] แน่นหน้าอก มีเสมหะ เจ็บคอ ท้องร่วง,[จำลอง] ทำเป็นยาลูกกลอน,น้ำผึ้ง,ยาลูกกลอน,[จำลอง],,,pending
NR073/2,NR,[จำลอง] ยาแก้ไข้,,[จำลอง] ตัวร้อน หนาวสั่น ปวดศีรษะ,[จำลอง] ทำเป็นยาต้ม,น้ำผึ้ง,ยาต้ม,[จำลอง],,,pending
NR074/1,NR,[จำลอง] ยาแก้ธาตุพิการ,,[จำลอง] ท้องร่วง ท้องอืด จุกเสียด,[จำลอง] ทำเป็นยาลูกกลอน,น้ำร้อน,ยาต้ม,[จำลอง],,,pending
NR075/3,NR,[จำลอง] ยาแก้ลมวิงเวียน,,[จำลอง] เวียนหัว,[จำลอง] ทำเป็นยาผง,น้ำร้อน,ยาลูกกลอน,[จำลอง],,,pending
NR076/2,NR,[จำลอง] ยาแก้ลมวิงเวียน,,[จำลอง] หน้ามืด เวียนหัว,[จำลอง] ทำเป็นยาผง,น้ำร้อน,ยาผง,[จำลอง],,,pending
NR077/3,NR,[จำลอง] ยาแก้ธาตุพิการ,,[จำลอง] จุกเสียด,[จำลอง] ทำเป็นยาผง,น้ำมะนาว,ยาต้ม,[จำลอง],,,pending
NR078/3,NR,[จำลอง] ยาแก้ไอ,,[จำลอง] เจ็บคอ ไอ,[จำลอง] ทำเป็นยาลูกกลอน,น้ำผึ้ง,ยาต้ม,[จำลอง],,,pending
NR079/2,NR,[จำลอง] ยาแก้ไข้,,[จำลอง] ไข้ ตัวร้อน ปวดศีรษะ,[จำลอง] ทำเป็นยาลูกกลอน,น้ำมะนาว,ยาผง,[จำลอง],,,pending
NR080/3,NR,[จำลอง] ยาแก้ลมวิงเวียน,,[จำลอง] อ่อนเพลีย เวียนหัว ปวดข้อ,[จำลอง] ทำเป็นยาผง,น้ำร้อน,ยาลูกกลอน,[จำลอง],,WRO001/2,pending
NR081/3,NR,[จำลอง] ยาแก้ธาตุพิการ,,[จำลอง] จุกเสียด ท้องร่วง,[จำลอง] ทำเป็นยาผง,น้ำมะนาว,ยาลูกกลอน,[จำลอง],,WRO002/1,pending
NR082/3,NR,[จำลอง] ยาแก้ไข้,,[จำลอง] ตัวร้อน ปวดศีรษะ,[จำลอง] ทำเป็นยาผง,น้ำร้อน,ยาผง,[จำลอง],,WRO003/1,pending
NR083/1,NR,[จำลอง] ยาแก้ไอ,,[จำลอง] ไอ เจ็บคอ,[จำลอง] ทำเป็นยาผง,น้ำผึ้ง,ยาผง,[จำลอง],,WRO004/3,pending
NR084/2,NR,[จำลอง] ยาแก้ปวดข้อ,,[จำลอง] ปวดเมื่อย เวียนหัว,[จำลอง] ทำเป็นยาผง,น้ำผึ้ง,ยาลูกกลอน,[จำลอง],,WRO005/1,pending
NR085/2,NR,[จำลอง] ยาแก้ไอ,,[จำลอง] แน่นหน้าอก,[จำลอง] ทำเป็นยาลูกกลอน,น้ำร้อน,ยาลูกกลอน,[จำลอง],,WRO006/1,pending
RM001/1,RM,[จำลอง] ยาแก้ธาตุพิการ,,[จำลอง] คลื่นไส้ ท้องร่วง ตัวร้อน,[จำลอง] ทำเป็นยาลูกกลอน,น้ำร้อน,ยาผง,[จำลอง],,,pending
RM002/1,RM,[จำลอง] ยาแก้ไข้,,[จำลอง] ไข้ ตัวร้อน หนาวสั่น,[จำลอง] ทำเป็นยาลูกกลอน,น้ำผึ้ง,ยาต้ม,[จำลอง],,,pending
RM003/2,RM,[จำลอง] ยาแก้ธาตุพิการ,,[จำลอง] จุกเสียด คลื่นไส้,[จำลอง] ทำเป็นยาผง,น้ำผึ้ง,ยาผง,[จำลอง],,,pending
RM004/1,RM,[จำลอง] ยาแก้ลมวิงเวียน,,[จำลอง] อ่อนเพลีย หน้ามืด เวียนหัว,[จำลอง] ทำเป็นยาลูกกลอน,น้ำร้อน,ยาผง,[จำลอง],,,pending
RM005/3,RM,[จำลอง] ยาแก้ธาตุพิการ,,[จำลอง] คลื่นไส้ ปวดข้อ,[จำลอง] ทำเป็นยาต้ม,น้ำร้อน,ยาต้ม,[จำลอง],,,pending
RM006/1,RM,[จำลอง] ยาแก้ปวดข้อ,,[จำลอง] ปวดเมื่อย หน้ามืด,[จำลอง] ทำเป็นยาลูกกลอน,น้ำร้อน,ยาผง,[จำลอง],,,pending
RM007/1,RM,[จำลอง] ยาแก้ปวดข้อ,,[จำลอง] ปวดเมื่อย ปวดข้อ ข้อบวม เจ็บคอ,[จำลอง] ทำเป็นยาผง,น้ำมะนาว,ยาต้ม,[จำลอง],,,pending
RM008/2,RM,[จำลอง] ยาแก้ไอ,,[จำลอง] แน่นหน้าอก ไอ ข้อบวม,[จำลอง] ทำเป็นยาลูกกลอน,น้ำมะนาว,ยาผง,[จำลอง],,,pending
RM009/2,RM,[จำลอง] ยาแก้ปวดข้อ,,[จำลอง] ปวดข้อ ปวดเมื่อย,[จำลอง] ทำเป็นยาต้ม,น้ำผึ้ง,ยาผง,[จำลอง],,,pending
RM010/3,RM,[จำลอง] ยาแก้ไข้,,[จำลอง] ตัวร้อน ปวดศีรษะ ไข้,[จำลอง] ทำเป็นยาต้ม,น้ำร้อน,ยาผง,[จำลอง],,,pending
RM011/3,RM,[จำลอง] ยาแก้ไอ,,[จำลอง] มีเสมหะ แน่นหน้าอก,[จำลอง] ทำเป็นยาผง,น้ำผึ้ง,ยาลูกกลอน,[จำลอง],,,pending
RM012/3,RM,[จำลอง] ยาแก้ลมวิงเวียน,,[จำลอง] เวียนหัว หน้ามืด,[จำลอง] ทำเป็นยาลูกกลอน,น้ำร้อน,ยาลูกกลอน,[จำลอง],,,pending
RM013/1,RM,[จำลอง] ยาแก้ปวดข้อ,,[จำลอง] ปวดข้อ ข้อบวม ปวดเมื่อย,[จำลอง] ทำเป็นยาผง,น้ำมะนาว,ยาลูกกลอน,[จำลอง],,,pending
RM014/3,RM,[จำลอง] ยาแก้ลมวิงเวียน,,[จำลอง] หน้ามืด,[จำลอง] ทำเป็นยาต้ม,น้ำมะนาว,ยาผง,[จำลอง],,,pending
RM015/3,RM,[จำลอง] ยาแก้ปวดข้อ,,[จำลอง] ปวดเมื่อย ข้อบวม,[จำลอง] ทำเป็นยาต้ม,น้ำผึ้ง,ยาต้ม,[จำลอง],,,pending
RM016/3,RM,[จำลอง] ยาแก้ไข้,,[จำลอง] ไข้,[จำลอง] ทำเป็นยาต้ม,น้ำร้อน,ยาต้ม,[จำลอง],,,pending
RM017/3,RM,[จำลอง] ยาแก้ธาตุพิการ,,[จำลอง] ท้องอืด ท้องร่วง,[จำลอง] ทำเป็นยาต้ม,น้ำผึ้ง,ยาผง,[จำลอง],,,pending
RM018/3,RM,[จำลอง] ยาแก้ปวดข้อ,,[จำลอง] ปวดเมื่อย ข้อบวม ปวดข้อ,[จำลอง] ทำเป็นยาผง,น้ำมะนาว,ยาลูกกลอน,[จำลอง],,,pending
RM019/3,RM,[จำลอง] ยาแก้ปวดข้อ,,[จำลอง] ปวดเมื่อย,[จำลอง] ทำเป็นยาผง,น้ำผึ้ง,ยาต้ม,[จำลอง],,,pending
RM020/1,RM,[จำลอง] ยาแก้ปวดข้อ,,[จำลอง] ปวดเมื่อย,[จำลอง] ทำเป็นยาผง,น้ำมะนาว,ยาผง,[จำลอง],,,pending
RM021/1,RM,[จำลอง] ยาแก้ธาตุพิการ,,[จำลอง] ท้องอืด จุกเสียด ท้องร่วง แน่นหน้าอก,[จำลอง] ทำเป็นยาผง,น้ำผึ้ง,ยาต้ม,[จำลอง],,,pending
RM022/3,RM,[จำลอง] ยาแก้ไข้,,[จำลอง] หนาวสั่น,[จำลอง] ทำเป็นยาลูกกลอน,น้ำร้อน,ยาต้ม,[จำลอง],,,pending
RM023/2,RM,[จำลอง] ยาแก้ปวดข้อ,,[จำลอง] ข้อบวม,[จำลอง] ทำเป็นยาผง,น้ำผึ้ง,ยาผง,[จำลอง],,,pending
RM024/2,RM,[จำลอง] ยาแก้ไอ,,[จำลอง] ไอ,[จำลอง] ทำเป็นยาผง,น้ำผึ้ง,ยาต้ม,[จำลอง],,,pending
RM025/1,RM,[จำลอง] ยาแก้ลมวิงเวียน,,[จำลอง] เวียนหัว อ่อนเพลีย,[จำลอง] ทำเป็นยาต้ม,น้ำร้อน,ยาต้ม,[จำลอง],,,pending
RM026/2,RM,[จำลอง] ยาแก้ไข้,,[จำลอง] ตัวร้อน หนาวสั่น ไข้,[จำลอง] ทำเป็นยาผง,น้ำผึ้ง,ยาผง,[จำลอง],,,pending
RM027/3,RM,[จำลอง] ยาแก้ธาตุพิการ,,[จำลอง] ท้องอืด คลื่นไส้ จุกเสียด,[จำลอง] ทำเป็นยาต้ม,น้ำร้อน,ยาต้ม,[จำลอง],,,pending
RM028/1,RM,[จำลอง] ยาแก้ลมวิงเวียน,,[จำลอง] เวียนหัว หน้ามืด อ่อนเพลีย คลื่นไส้,[จำลอง] ทำเป็นยาลูกกลอน,น้ำมะนาว,ยาผง,[จำลอง],,,pending
RM029/1,RM,[จำลอง] ยาแก้ลมวิงเวียน,,[จำลอง] หน้ามืด อ่อนเพลีย เวียนหัว,[จำลอง] ทำเป็นยาลูกกลอน,น้ำมะนาว,ยาลูกกลอน,[จำลอง],,,pending
RM030/3,RM,[จำลอง] ยาแก้ลมวิงเวียน,,[จำลอง] เวียนหัว,[จำลอง] ทำเป็นยาต้ม,น้ำมะนาว,ยาต้ม,[จำลอง],,,pending
RM031/1,RM,[จำลอง] ยาแก้ธาตุพิการ,,[จำลอง] ท้องร่วง คลื่นไส้ ท้องอืด,[จำลอง] ทำเป็นยาผง,น้ำมะนาว,ยาผง,[จำลอง],,,pending
RM032/2,RM,[จำลอง] ยาแก้ธาตุพิการ,,[จำลอง] จุกเสียด,[จำลอง] ทำเป็นยาลูกกลอน,น้ำร้อน,ยาต้ม,[จำลอง],,,pending
RM033/1,RM,[จำลอง] ยาแก้ไอ,,[จำลอง] เจ็บคอ มีเสมหะ ท้องอืด,[จำลอง] ทำเป็นยาต้ม,น้ำผึ้ง,ยาผง,[จำลอง],,,pending
RM034/2,RM,[จำลอง] ยาแก้ไอ,,[จำลอง] แน่นหน้าอก เจ็บคอ มีเสมหะ,[จำลอง] ทำเป็นยาต้ม,น้ำร้อน,ยาต้ม,[จำลอง],,,pending
RM035/2,RM,[จำลอง] ยาแก้ไข้,,[จำลอง] หนาวสั่น ปวดศีรษะ,[จำลอง] ทำเป็นยาผง,น้ำผึ้ง,ยาลูกกลอน,[จำลอง],,,pending
RM036/1,RM,[จำลอง] ยาแก้ลมวิงเวียน,,[จำลอง] อ่อนเพลีย เวียนหัว หน้ามืด จุกเสียด,[จำลอง] ทำเป็นยาลูกกลอน,น้ำร้อน,ยาลูกกลอน,[จำลอง],,,pending
RM037/2,RM,[จำลอง] ยาแก้ธาตุพิการ,,[จำลอง] คลื่นไส้ ปวดศีรษะ,[จำลอง] ทำเป็นยาผง,น้ำผึ้ง,ยาลูกกลอน,[จำลอง],,,pending
RM038/3,RM,[จำลอง] ยาแก้ลมวิงเวียน,,[จำลอง] เวียนหัว,[จำลอง] ทำเป็นยาผง,น้ำผึ้ง,ยาต้ม,[จำลอง],,,pending
RM039/1,RM,[จำลอง] ยาแก้ลมวิงเวียน,,[จำลอง] หน้ามืด อ่อนเพลีย เวียนหัว,[จำลอง] ทำเป็นยาต้ม,น้ำมะนาว,ยาต้ม,[จำลอง],,,pending
RM040/2,RM,[จำลอง] ยาแก้ลมวิงเวียน,,[จำลอง] หน้ามืด เวียนหัว,[จำลอง] ทำเป็นยาผง,น้ำผึ้ง,ยาต้ม,[จำลอง],,,pending
WRO001/2,WRO,[จำลอง] ยาแก้ปวดข้อ,,[จำลอง] ข้อบวม ปวดข้อ,[จำลอง] ทำเป็นยาลูกกลอน,น้ำมะนาว,ยาต้ม,[จำลอง],,,pending
WRO002/1,WRO,[จำลอง] ยาแก้ไอ,,[จำลอง] ไอ,[จำลอง] ทำเป็นยาต้ม,น้ำร้อน,ยาลูกกลอน,[จำลอง],,,pending
WRO003/1,WRO,[จำลอง] ยาแก้ปวดข้อ,,[จำลอง] ปวดข้อ ปวดเมื่อย,[จำลอง] ทำเป็นยาผง,น้ำผึ้ง,ยาผง,[จำลอง],,,pending
WRO004/3,WRO,[จำลอง] ยาแก้ธาตุพิการ,,[จำลอง] ท้องอืด จุกเสียด,[จำลอง] ทำเป็นยาลูกกลอน,น้ำผึ้ง,ยาต้ม,[จำลอง],,,pending
WRO005/1,WRO,[จำลอง] ยาแก้ลมวิงเวียน,,[จำลอง] เวียนหัว อ่อนเพลีย,[จำลอง] ทำเป็นยาลูกกลอน,น้ำร้อน,ยาผง,[จำลอง],,,pending
WRO006/1,WRO,[จำลอง] ยาแก้ไข้,,[จำลอง] ตัวร้อน คลื่นไส้,[จำลอง] ทำเป็นยาต้ม,น้ำผึ้ง,ยาต้ม,[จำลอง],,,pending
WRO007/2,WRO,[จำลอง] ยาแก้ปวดข้อ,,[จำลอง] ข้อบวม ไข้,[จำลอง] ทำเป็นยาผง,น้ำผึ้ง,ยาลูกกลอน,[จำลอง],,,pending
WRO008/1,WRO,[จำลอง] ยาแก้ธาตุพิการ,,[จำลอง] ท้องร่วง ท้องอืด เจ็บคอ,[จำลอง] ทำเป็นยาลูกกลอน,น้ำมะนาว,ยาต้ม,[จำลอง],,,pending
WRO009/1,WRO,[จำลอง] ยาแก้ไข้,,[จำลอง] ไข้ ตัวร้อน ปวดศีรษะ,[จำลอง] ทำเป็นยาต้ม,น้ำมะนาว,ยาผง,[จำลอง],,,pending
WRO010/1,WRO,[จำลอง] ยาแก้ลมวิงเวียน,,[จำลอง] หน้ามืด,[จำลอง] ทำเป็นยาผง,น้ำผึ้ง,ยาต้ม,[จำลอง],,,pending
WRO011/3,WRO,[จำลอง] ยาแก้ลมวิงเวียน,,[จำลอง] เวียนหัว หน้ามืด,[จำลอง] ทำเป็นยาผง,น้ำผึ้ง,ยาผง,[จำลอง],,,pending
WRO012/1,WRO,[จำลอง] ยาแก้ลมวิงเวียน,,[จำลอง] หน้ามืด เวียนหัว,[จำลอง] ทำเป็นยาผง,น้ำมะนาว,ยาต้ม,[จำลอง],,,pending
WRO013/1,WRO,[จำลอง] ยาแก้ธาตุพิการ,,[จำลอง] จุกเสียด,[จำลอง] ทำเป็นยาผง,น้ำผึ้ง,ยาลูกกลอน,[จำลอง],,,pending
WRO014/1,WRO,[จำลอง] ยาแก้ธาตุพิการ,,[จำลอง] จุกเสียด ท้องร่วง,[จำลอง] ทำเป็นยาลูกกลอน,น้ำมะนาว,ยาต้ม,[จำลอง],,,pending
WRO015/3,WRO,[จำลอง] ยาแก้ไข้,,[จำลอง] ตัวร้อน,[จำลอง] ทำเป็นยาลูกกลอน,น้ำร้อน,ยาลูกกลอน,[จำลอง],,,pending
WRO016/1,WRO,[จำลอง] ยาแก้ปวดข้อ,,[จำลอง] ปวดเมื่อย ปวดข้อ,[จำลอง] ทำเป็นยาต้ม,น้ำผึ้ง,ยาต้ม,[จำลอง],,,pending
WRO017/3,WRO,[จำลอง] ยาแก้ปวดข้อ,,[จำลอง] ปวดเมื่อย ข้อบวม,[จำลอง] ทำเป็นยาลูกกลอน,น้ำร้อน,ยาลูกกลอน,[จำลอง],,,pending
WRO018/2,WRO,[จำลอง] ยาแก้ลมวิงเวียน,,[จำลอง] หน้ามืด เวียนหัว อ่อนเพลีย,[จำลอง] ทำเป็นยาผง,น้ำผึ้ง,ยาต้ม,[จำลอง],,,pending
WRO019/3,WRO,[จำลอง] ยาแก้ไอ,,[จำลอง] แน่นหน้าอก ไอ มีเสมหะ,[จำลอง] ทำเป็นยาต้ม,น้ำร้อน,ยาผง,[จำลอง],,,pending
WRO020/1,WRO,[จำลอง] ยาแก้ไข้,,[จำลอง] ตัวร้อน หนาวสั่น,[จำลอง] ทำเป็นยาต้ม,น้ำร้อน,ยาลูกกลอน,[จำลอง],,,pending
WRO021/1,WRO,[จำลอง] ยาแก้ปวดข้อ,,[จำลอง] ปวดเมื่อย ข้อบวม ปวดข้อ,[จำลอง] ทำเป็นยาต้ม,น้ำผึ้ง,ยาผง,[จำลอง],,,pending
WRO022/2,WRO,[จำลอง] ยาแก้ไอ,,[จำลอง] เจ็บคอ ไอ แน่นหน้าอก,[จำลอง] ทำเป็นยาต้ม,น้ำมะนาว,ยาลูกกลอน,[จำลอง],,,pending
WRO023/1,WRO,[จำลอง] ยาแก้ไอ,,[จำลอง] มีเสมหะ แน่นหน้าอก,[จำลอง] ทำเป็นยาต้ม,น้ำผึ้ง,ยาผง,[จำลอง],,,pending
WRO024/3,WRO,[จำลอง] ยาแก้ไอ,,[จำลอง] ไอ มีเสมหะ เจ็บคอ,[จำลอง] ทำเป็นยาผง,น้ำร้อน,ยาลูกกลอน,[จำลอง],,,pending
WRO025/3,WRO,[จำลอง] ยาแก้ลมวิงเวียน,,[จำลอง] เวียนหัว อ่อนเพลีย หน้ามืด,[จำลอง] ทำเป็นยาลูกกลอน,น้ำร้อน,ยาต้ม,[จำลอง],,,pending
WRO026/3,WRO,[จำลอง] ยาแก้ธาตุพิการ,,[จำลอง] คลื่นไส้ ท้องอืด ท้องร่วง,[จำลอง] ทำเป็นยาต้ม,น้ำร้อน,ยาผง,[จำลอง],,,pending
WRO027/1,WRO,[จำลอง] ยาแก้ธาตุพิการ,,[จำลอง] จุกเสียด ท้องอืด ท้องร่วง,[จำลอง] ทำเป็นยาผง,น้ำผึ้ง,ยาลูกกลอน,[จำลอง],,,pending
WRO028/1,WRO,[จำลอง] ยาแก้ไอ,,[จำลอง] มีเสมหะ,[จำลอง] ทำเป็นยาผง,น้ำผึ้ง,ยาต้ม,[จำลอง],,,pending
WRO029/2,WRO,[จำลอง] ยาแก้ลมวิงเวียน,,[จำลอง] เวียนหัว อ่อนเพลีย หน้ามืด,[จำลอง] ทำเป็นยาผง,น้ำร้อน,ยาต้ม,[จำลอง],,,pending
WRO030/3,WRO,[จำลอง] ยาแก้ปวดข้อ,,[จำลอง] ปวดเมื่อย ข้อบวม,[จำลอง] ทำเป็นยาต้ม,น้ำร้อน,ยาลูกกลอน,[จำลอง],,,pending
WRO031/2,WRO,[จำลอง] ยาแก้ธาตุพิการ,,[จำลอง] ท้องร่วง,[จำลอง] ทำเป็นยาลูกกลอน,น้ำมะนาว,ยาผง,[จำลอง],,,pending
WRO032/1,WRO,[จำลอง] ยาแก้ปวดข้อ,,[จำลอง] ปวดเมื่อย,[จำลอง] ทำเป็นยาลูกกลอน,น้ำผึ้ง,ยาลูกกลอน,[จำลอง],,,pending
WRO033/1,WRO,[จำลอง] ยาแก้ไอ,,[จำลอง] เจ็บคอ มีเสมหะ,[จำลอง] ทำเป็นยาลูกกลอน,น้ำผึ้ง,ยาลูกกลอน,[จำลอง],,,pending
WRO034/3,WRO,[จำลอง] ยาแก้ไข้,,[จำลอง] ปวดศีรษะ,[จำลอง] ทำเป็นยาลูกกลอน,น้ำร้อน,ยาผง,[จำลอง],,,pending
WRO035/1,WRO,[จำลอง] ยาแก้ไข้,,[จำลอง] ไข้ หนาวสั่น,[จำลอง] ทำเป็นยาต้ม,น้ำมะนาว,ยาต้ม,[จำลอง],,,pending
WRO036/3,WRO,[จำลอง] ยาแก้ปวดข้อ,,[จำลอง] ข้อบวม,[จำลอง] ทำเป็นยาต้ม,น้ำผึ้ง,ยาผง,[จำลอง],,,pending
WRO037/2,WRO,[จำลอง] ยาแก้ไอ,,[จำลอง] มีเสมหะ เจ็บคอ,[จำลอง] ทำเป็นยาต้ม,น้ำมะนาว,ยาต้ม,[จำลอง],,,pending
WRO038/3,WRO,[จำลอง] ยาแก้ลมวิงเวียน,,[จำลอง] หน้ามืด เวียนหัว อ่อนเพลีย,[จำลอง] ทำเป็นยาลูกกลอน,น้ำมะนาว,ยาต้ม,[จำลอง],,,pending
WRO039/2,WRO,[จำลอง] ยาแก้ไข้,,[จำลอง] ตัวร้อน หนาวสั่น ไข้,[จำลอง] ทำเป็นยาลูกกลอน,น้ำมะนาว,ยาผง,[จำลอง],,,pending
WRO040/2,WRO,[จำลอง] ยาแก้ไข้,,[จำลอง] ตัวร้อน,[จำลอง] ทำเป็นยาต้ม,น้ำผึ้ง,ยาผง,[จำลอง],,,pending
WRO041/2,WRO,[จำลอง] ยาแก้ลมวิงเวียน,,[จำลอง] เวียนหัว อ่อนเพลีย หน้ามืด,[จำลอง] ทำเป็นยาต้ม,น้ำร้อน,ยาผง,[จำลอง],,,pending
WRO042/2,WRO,[จำลอง] ยาแก้ลมวิงเวียน,,[จำลอง] อ่อนเพลีย,[จำลอง] ทำเป็นยาต้ม,น้ำผึ้ง,ยาต้ม,[จำลอง],,,pending
WRO043/1,WRO,[จำลอง] ยาแก้ไอ,,[จำลอง] แน่นหน้าอก,[จำลอง] ทำเป็นยาผง,น้ำมะนาว,ยาลูกกลอน,[จำลอง],,,pending
WRO044/3,WRO,[จำลอง] ยาแก้ธาตุพิการ,,[จำลอง] คลื่นไส้,[จำลอง] ทำเป็นยาผง,น้ำร้อน,ยาต้ม,[จำลอง],,,pending
WRO045/3,WRO,[จำลอง] ยาแก้ลมวิงเวียน,,[จำลอง] อ่อนเพลีย,[จำลอง] ทำเป็นยาต้ม,น้ำมะนาว,ยาผง,[จำลอง],,,pending
WRO046/2,WRO,[จำลอง] ยาแก้ลมวิงเวียน,,[จำลอง] อ่อนเพลีย หน้ามืด,[จำลอง] ทำเป็นยาลูกกลอน,น้ำผึ้ง,ยาลูกกลอน,[จำลอง],,,pending
WRO047/3,WRO,[จำลอง] ยาแก้ไข้,,[จำลอง] ไข้,[จำลอง] ทำเป็นยาต้ม,น้ำร้อน,ยาต้ม,[จำลอง],,,pending
WRO048/3,WRO,[จำลอง] ยาแก้ลมวิงเวียน,,[จำลอง] เวียนหัว อ่อนเพลีย หน้ามืด,[จำลอง] ทำเป็นยาลูกกลอน,น้ำผึ้ง,ยาลูกกลอน,[จำลอง],,,pending
WRO049/2,WRO,[จำลอง] ยาแก้ไอ,,[จำลอง] แน่นหน้าอก,[จำลอง] ทำเป็นยาผง,น้ำผึ้ง,ยาลูกกลอน,[จำลอง],,,pending
WRO050/3,WRO,[จำลอง] ยาแก้ไอ,,[จำลอง] ไอ,[จำลอง] ทำเป็นยาผง,น้ำมะนาว,ยาต้ม,[จำลอง],,,pending
WRO051/2,WRO,[จำลอง] ยาแก้ปวดข้อ,,[จำลอง] ปวดเมื่อย,[จำลอง] ทำเป็นยาลูกกลอน,น้ำมะนาว,ยาผง,[จำลอง],,,pending
WRO052/1,WRO,[จำลอง] ยาแก้ธาตุพิการ,,[จำลอง] จุกเสียด,[จำลอง] ทำเป็นยาลูกกลอน,น้ำผึ้ง,ยาลูกกลอน,[จำลอง],,,pending
WRO053/3,WRO,[จำลอง] ยาแก้ธาตุพิการ,,[จำลอง] ท้องร่วง ท้องอืด,[จำลอง] ทำเป็นยาลูกกลอน,น้ำมะนาว,ยาต้ม,[จำลอง],,,pending
WRO054/2,WRO,[จำลอง] ยาแก้ไข้,,[จำลอง] ไข้,[จำลอง] ทำเป็นยาต้ม,น้ำมะนาว,ยาต้ม,[จำลอง],,,pending
WRO055/1,WRO,[จำลอง] ยาแก้ธาตุพิการ,,[จำลอง] คลื่นไส้ ท้องร่วง จุกเสียด ปวดข้อ,[จำลอง] ทำเป็นยาลูกกลอน,น้ำร้อน,ยาต้ม,[จำลอง],,,pending
WRO056/1,WRO,[จำลอง] ยาแก้ไอ,,[จำลอง] มีเสมหะ ไอ,[จำลอง] ทำเป็นยาลูกกลอน,น้ำร้อน,ยาผง,[จำลอง],,,pending
WRO057/1,WRO,[จำลอง] ยาแก้ไอ,,[จำลอง] ไอ เจ็บคอ,[จำลอง] ทำเป็นยาผง,น้ำผึ้ง,ยาต้ม,[จำลอง],,,pending
WRO058/1,WRO,[จำลอง] ยาแก้ปวดข้อ,,[จำลอง] ข้อบวม ปวดเมื่อย,[จำลอง] ทำเป็นยาลูกกลอน,น้ำมะนาว,ยาลูกกลอน,[จำลอง],,,pending
WRO059/1,WRO,[จำลอง] ยาแก้ธาตุพิการ,,[จำลอง] จุกเสียด,[จำลอง] ทำเป็นยาลูกกลอน,น้ำร้อน,ยาต้ม,[จำลอง],,,pending
WRO060/3,WRO,[จำลอง] ยาแก้ไอ,,[จำลอง] ไอ แน่นหน้าอก,[จำลอง] ทำเป็นยาลูกกลอน,น้ำร้อน,ยาต้ม,[จำลอง],,,pending
WRO061/1,WRO,[จำลอง] ยาแก้ลมวิงเวียน,,[จำลอง] หน้ามืด เวียนหัว อ่อนเพลีย,[จำลอง] ทำเป็นยาต้ม,น้ำผึ้ง,ยาต้ม,[จำลอง],,,pending
WRO062/1,WRO,[จำลอง] ยาแก้ลมวิงเวียน,,[จำลอง] หน้ามืด,[จำลอง] ทำเป็นยาผง,น้ำมะนาว,ยาผง,[จำลอง],,,pending
WRO063/3,WRO,[จำลอง] ยาแก้ปวดข้อ,,[จำลอง] ปวดเมื่อย ปวดข้อ,[จำลอง] ทำเป็นยาผง,น้ำผึ้ง,ยาลูกกลอน,[จำลอง],,,pending
WRO064/2,WRO,[จำลอง] ยาแก้ปวดข้อ,,[จำลอง] ข้อบวม ปวดข้อ,[จำลอง] ทำเป็นยาลูกกลอน,น้ำร้อน,ยาลูกกลอน,[จำลอง],,,pending
WRO065/1,WRO,[จำลอง] ยาแก้ปวดข้อ,,[จำลอง] ปวดเมื่อย,[จำลอง] ทำเป็นยาผง,น้ำร้อน,ยาต้ม,[จำลอง],,,pending
WRO066/2,WRO,[จำลอง] ยาแก้ปวดข้อ,,[จำลอง] ข้อบวม ปวดเมื่อย ปวดข้อ,[จำลอง] ทำเป็นยาผง,น้ำผึ้ง,ยาผง,[จำลอง],,,pending
WRO067/3,WRO,[จำลอง] ยาแก้ลมวิงเวียน,,[จำลอง] เวียนหัว,[จำลอง] ทำเป็นยาต้ม,น้ำร้อน,ยาต้ม,[จำลอง],,,pending
WRO068/2,WRO,[จำลอง] ยาแก้ปวดข้อ,,[จำลอง] ข้อบวม ปวดข้อ ปวดเมื่อย,[จำลอง] ทำเป็นยาผง,น้ำผึ้ง,ยาผง,[จำลอง],,,pending
WRO069/2,WRO,[จำลอง] ยาแก้ไข้,,[จำลอง] ปวดศีรษะ ไข้ ตัวร้อน อ่อนเพลีย,[จำลอง] ทำเป็นยาต้ม,น้ำมะนาว,ยาผง,[จำลอง],,,pending
WRO070/3,WRO,[จำลอง] ยาแก้ธาตุพิการ,,[จำลอง] ท้องร่วง ท้องอืด,[จำลอง] ทำเป็นยาต้ม,น้ำร้อน,ยาต้ม,[จำลอง],,,pending
WRO071/3,WRO,[จำลอง] ยาแก้ไข้,,[จำลอง] ตัวร้อน,[จำลอง] ทำเป็นยาลูกกลอน,น้ำมะนาว,ยาผง,[จำลอง],,,pending
WRO072/1,WRO,[จำลอง] ยาแก้ลมวิงเวียน,,[จำลอง] อ่อนเพลีย เวียนหัว หน้ามืด,[จำลอง] ทำเป็นยาผง,น้ำผึ้ง,ยาลูกกลอน,[จำลอง],,,pending
WRO073/3,WRO,[จำลอง] ยาแก้ลมวิงเวียน,,[จำลอง] หน้ามืด เวียนหัว,[จำลอง] ทำเป็นยาต้ม,น้ำมะนาว,ยาลูกกลอน,[จำลอง],,,pending
WRO074/3,WRO,[จำลอง] ยาแก้ไอ,,[จำลอง] ไอ,[จำลอง] ทำเป็นยาลูกกลอน,น้ำผึ้ง,ยาลูกกลอน,[จำลอง],,,pending
WRO075/2,WRO,[จำลอง] ยาแก้ลมวิงเวียน,,[จำลอง] หน้ามืด,[จำลอง] ทำเป็นยาต้ม,น้ำผึ้ง,ยาผง,[จำลอง],,,pending
WRO076/3,WRO,[จำลอง] ยาแก้ลมวิงเวียน,,[จำลอง] อ่อนเพลีย เวียนหัว หน้ามืด,[จำลอง] ทำเป็นยาลูกกลอน,น้ำร้อน,ยาต้ม,[จำลอง],,,pending
WRO077/2,WRO,[จำลอง] ยาแก้ปวดข้อ,,[จำลอง] ปวดข้อ ข้อบวม,[จำลอง] ทำเป็นยาผง,น้ำผึ้ง,ยาผง,[จำลอง],,,pending
WRO078/3,WRO,[จำลอง] ยาแก้ไข้,,[จำลอง] ตัวร้อน ปวดศีรษะ,[จำลอง] ทำเป็นยาผง,น้ำผึ้ง,ยาลูกกลอน,[จำลอง],,,pending
WRO079/1,WRO,[จำลอง] ยาแก้ลมวิงเวียน,,[จำลอง] อ่อนเพลีย,[จำลอง] ทำเป็นยาลูกกลอน,น้ำมะนาว,ยาลูกกลอน,[จำลอง],,,pending
WRO080/1,WRO,[จำลอง] ยาแก้ปวดข้อ,,[จำลอง] ปวดข้อ ปวดเมื่อย,[จำลอง] ทำเป็นยาผง,น้ำมะนาว,ยาต้ม,[จำลอง],,,pending
WRO081/1,WRO,[จำลอง] ยาแก้ไข้,,[จำลอง] หนาวสั่น ตัวร้อน ปวดศีรษะ,[จำลอง] ทำเป็นยาลูกกลอน,น้ำผึ้ง,ยาลูกกลอน,[จำลอง],,,pending
WRO082/1,WRO,[จำลอง] ยาแก้ลมวิงเวียน,,[จำลอง] หน้ามืด,[จำลอง] ทำเป็นยาผง,น้ำร้อน,ยาลูกกลอน,[จำลอง],,,pending
WRO083/3,WRO,[จำลอง] ยาแก้ไข้,,[จำลอง] ไข้ ตัวร้อน ปวดศีรษะ ท้องอืด,[จำลอง] ทำเป็นยาลูกกลอน,น้ำผึ้ง,ยาลูกกลอน,[จำลอง],,,pending
WRO084/1,WRO,[จำลอง] ยาแก้ลมวิงเวียน,,[จำลอง] เวียนหัว อ่อนเพลีย,[จำลอง] ทำเป็นยาต้ม,น้ำผึ้ง,ยาผง,[จำลอง],,,pending
WRO085/1,WRO,[จำลอง] ยาแก้ธาตุพิการ,,[จำลอง] ท้องอืด ท้องร่วง,[จำลอง] ทำเป็นยาผง,น้ำมะนาว,ยาผง,[จำลอง],,,pending
WRO086/3,WRO,[จำลอง] ยาแก้ลมวิงเวียน,,[จำลอง] เวียนหัว อ่อนเพลีย,[จำลอง] ทำเป็นยาผง,น้ำผึ้ง,ยาต้ม,[จำลอง],,,pending
WRO087/1,WRO,[จำลอง] ยาแก้ลมวิงเวียน,,[จำลอง] หน้ามืด,[จำลอง] ทำเป็นยาผง,น้ำผึ้ง,ยาลูกกลอน,[จำลอง],,,pending
WRO088/2,WRO,[จำลอง] ยาแก้ธาตุพิการ,,[จำลอง] คลื่นไส้ ท้องอืด,[จำลอง] ทำเป็นยาลูกกลอน,น้ำร้อน,ยาผง,[จำลอง],,,pending
WRO089/2,WRO,[จำลอง] ยาแก้ไอ,,[จำลอง] แน่นหน้าอก เจ็บคอ ไอ,[จำลอง] ทำเป็นยาต้ม,น้ำมะนาว,ยาผง,[จำลอง],,,pending
WRO090/1,WRO,[จำลอง] ยาแก้ธาตุพิการ,,[จำลอง] คลื่นไส้ จุกเสียด ท้องร่วง,[จำลอง] ทำเป็นยาผง,น้ำร้อน,ยาผง,[จำลอง],,,pending
WRO091/2,WRO,[จำลอง] ยาแก้ปวดข้อ,,[จำลอง] ปวดเมื่อย ท้องอืด,[จำลอง] ทำเป็นยาลูกกลอน,น้ำมะนาว,ยาผง,[จำลอง],,,pending
WRO092/3,WRO,[จำลอง] ยาแก้ไข้,,[จำลอง] หนาวสั่น,[จำลอง] ทำเป็นยาต้ม,น้ำผึ้ง,ยาผง,[จำลอง],,,pending
WRO093/1,WRO,[จำลอง] ยาแก้ลมวิงเวียน,,[จำลอง] เวียนหัว หน้ามืด,[จำลอง] ทำเป็นยาต้ม,น้ำมะนาว,ยาต้ม,[จำลอง],,,pending
WRO094/3,WRO,[จำลอง] ยาแก้ลมวิงเวียน,,[จำลอง] เวียนหัว หน้ามืด,[จำลอง] ทำเป็นยาลูกกลอน,น้ำผึ้ง,ยาต้ม,[จำลอง],,,pending
WRO095/2,WRO,[จำลอง] ยาแก้ลมวิงเวียน,,[จำลอง] เวียนหัว,[จำลอง] ทำเป็นยาผง,น้ำผึ้ง,ยาผง,[จำลอง],,,pending
WRO096/2,WRO,[จำลอง] ยาแก้ไข้,,[จำลอง] หนาวสั่น ปวดศีรษะ ตัวร้อน ท้องอืด,[จำลอง] ทำเป็นยาลูกกลอน,น้ำผึ้ง,ยาลูกกลอน,[จำลอง],,,pending
WRO097/3,WRO,[จำลอง] ยาแก้ไข้,,[จำลอง] ตัวร้อน หนาวสั่น ปวดศีรษะ,[จำลอง] ทำเป็นยาลูกกลอน,น้ำมะนาว,ยาต้ม,[จำลอง],,,pending
WRO098/1,WRO,[จำลอง] ยาแก้ไข้,,[จำลอง] ไข้ ปวดศีรษะ ตัวร้อน,[จำลอง] ทำเป็นยาผง,น้ำผึ้ง,ยาต้ม,[จำลอง],,,pending
WRO099/1,WRO,[จำลอง] ยาแก้ลมวิงเวียน,,[จำลอง] เวียนหัว,[จำลอง] ทำเป็นยาต้ม,น้ำร้อน,ยาต้ม,[จำลอง],,,pending
WRO100/1,WRO,[จำลอง] ยาแก้ไข้,,[จำลอง] หนาวสั่น ไข้,[จำลอง] ทำเป็นยาผง,น้ำร้อน,ยาผง,[จำลอง],,,pending
WRO101/2,WRO,[จำลอง] ยาแก้ไข้,,[จำลอง] หนาวสั่น ปวดศีรษะ ตัวร้อน,[จำลอง] ทำเป็นยาผง,น้ำร้อน,ยาผง,[จำลอง],,,pending
WRO102/2,WRO,[จำลอง] ยาแก้ปวดข้อ,,[จำลอง] ปวดเมื่อย ปวดข้อ,[จำลอง] ทำเป็นยาลูกกลอน,น้ำมะนาว,ยาลูกกลอน,[จำลอง],,,pending
WRO103/1,WRO,[จำลอง] ยาแก้ลมวิงเวียน,,[จำลอง] อ่อนเพลีย เวียนหัว,[จำลอง] ทำเป็นยาผง,น้ำร้อน,ยาผง,[จำลอง],,,pending
WRO104/1,WRO,[จำลอง] ยาแก้ไอ,,[จำลอง] มีเสมหะ,[จำลอง] ทำเป็นยาลูกกลอน,น้ำมะนาว,ยาผง,[จำลอง],,,pending
WRO105/3,WRO,[จำลอง] ยาแก้ปวดข้อ,,[จำลอง] ปวดเมื่อย ข้อบวม ปวดข้อ,[จำลอง] ทำเป็นยาต้ม,น้ำผึ้ง,ยาผง,[จำลอง],,,pending
WRO106/2,WRO,[จำลอง] ยาแก้ไข้,,[จำลอง] ตัวร้อน,[จำลอง] ทำเป็นยาผง,น้ำผึ้ง,ยาผง,[จำลอง],,,pending
WRO107/2,WRO,[จำลอง] ยาแก้ไข้,,[จำลอง] หนาวสั่น ท้องอืด,[จำลอง] ทำเป็นยาต้ม,น้ำมะนาว,ยาต้ม,[จำลอง],,,pending
WRO108/3,WRO,[จำลอง] ยาแก้ปวดข้อ,,[จำลอง] ปวดข้อ ข้อบวม ปวดเมื่อย,[จำลอง] ทำเป็นยาลูกกลอน,น้ำร้อน,ยาต้ม,[จำลอง],,,pending
WRO109/3,WRO,[จำลอง] ยาแก้ไข้,,[จำลอง] ปวดศีรษะ ตัวร้อน หนาวสั่น,[จำลอง] ทำเป็นยาผง,น้ำมะนาว,ยาลูกกลอน,[จำลอง],,,pending
WRO110/2,WRO,[จำลอง] ยาแก้ลมวิงเวียน,,[จำลอง] หน้ามืด,[จำลอง] ทำเป็นยาต้ม,น้ำมะนาว,ยาลูกกลอน,[จำลอง],,,pending
WRO111/2,WRO,[จำลอง] ยาแก้ธาตุพิการ,,[จำลอง] คลื่นไส้ จุกเสียด,[จำลอง] ทำเป็นยาต้ม,น้ำร้อน,ยาผง,[จำลอง],,,pending
WRO112/2,WRO,[จำลอง] ยาแก้ไอ,,[จำลอง] ไอ,[จำลอง] ทำเป็นยาผง,น้ำร้อน,ยาต้ม,[จำลอง],,,pending
WRO113/2,WRO,[จำลอง] ยาแก้ไข้,,[จำลอง] ตัวร้อน หนาวสั่น,[จำลอง] ทำเป็นยาลูกกลอน,น้ำผึ้ง,ยาลูกกลอน,[จำลอง],,,pending
WRO114/3,WRO,[จำลอง] ยาแก้ปวดข้อ,,[จำลอง] ปวดข้อ ข้อบวม,[จำลอง] ทำเป็นยาผง,น้ำมะนาว,ยาผง,[จำลอง],,,pending
WRO115/2,WRO,[จำลอง] ยาแก้ไข้,,[จำลอง] ตัวร้อน ปวดศีรษะ,[จำลอง] ทำเป็นยาต้ม,น้ำมะนาว,ยาผง,[จำลอง],,,pending
WRO116/3,WRO,[จำลอง] ยาแก้ปวดข้อ,,[จำลอง] ปวดข้อ หน้ามืด,[จำลอง] ทำเป็นยาต้ม,น้ำร้อน,ยาต้ม,[จำลอง],,,pending
WRO117/1,WRO,[จำลอง] ยาแก้ไอ,,[จำลอง] แน่นหน้าอก เจ็บคอ มีเสมหะ,[จำลอง] ทำเป็นยาผง,น้ำร้อน,ยาลูกกลอน,[จำลอง],,,pending
WRO118/3,WRO,[จำลอง] ยาแก้ปวดข้อ,,[จำลอง] ปวดเมื่อย ข้อบวม,[จำลอง] ทำเป็นยาต้ม,น้ำผึ้ง,ยาต้ม,[จำลอง],,,pending
WRO119/2,WRO,[จำลอง] ยาแก้ลมวิงเวียน,,[จำลอง] เวียนหัว หน้ามืด,[จำลอง] ทำเป็นยาลูกกลอน,น้ำผึ้ง,ยาต้ม,[จำลอง],,,pending
WRO120/1,WRO,[จำลอง] ยาแก้ไอ,,[จำลอง] เจ็บคอ แน่นหน้าอก ไอ,[จำลอง] ทำเป็นยาลูกกลอน,น้ำร้อน,ยาผง,[จำลอง],,,pending
