recipe_id,symptom
WRO001/1,เวียนหัว
WRO001/1,อ่อนเพลีย
WRO001/1,หน้ามืด
WRO002/1,ตัวร้อน
WRO002/1,หนาวสั่น
WRO002/1,กระหายน้ำ
WRO002/1,เจ็บคอ
NR001/2,หน้ามืด
NR001/2,เวียนหัว
WRO003/2,หน้ามืด
WRO003/2,เวียนหัว
WRO003/2,อ่อนเพลีย
NR002/2,ปวดศีรษะ
RM001/1,ท้องอืด
RM001/1,จุกเสียด
WRO004/2,ไข้
NR003/3,ไอ
NR003/3,แน่นหน้าอก
NR003/3,มีเสมหะ
NR003/3,เวียนหัว
RM002/3,แน่นหน้าอก
NR004/1,ตัวร้อน
NR004/1,ปวดศีรษะ
NR005/3,ตัวร้อน
NR005/3,ปวดศีรษะ
NR005/3,ไข้
RM003/1,ตัวร้อน
RM003/1,อ่อนเพลีย
WRO005/3,เจ็บคอ
WRO005/3,มีเสมหะ
WRO005/3,แน่นหน้าอก
NR006/1,เจ็บคอ
NR006/1,ไอ
NR006/1,มีเสมหะ
NR007/1,คลื่นไส้
NR008/2,จุกเสียด
NR008/2,ท้องร่วง
RM004/2,มีเสมหะ
RM005/1,หน้ามืด
RM005/1,อ่อนเพลีย
RM005/1,เวียนหัว
NR009/1,เวียนหัว
NR010/2,จุกเสียด
NR010/2,ท้องอืด
NR010/2,คลื่นไส้
NR011/1,อ่อนเพลีย
NR011/1,เวียนหัว
RM006/1,หน้ามืด
RM006/1,เวียนหัว
RM006/1,อ่อนเพลีย
RM006/1,หนาวสั่น
NR012/1,ไอ
NR012/1,มีเสมหะ
NR012/1,ท้องอืด
WRO006/2,หน้ามืด
WRO006/2,เวียนหัว
WRO007/2,ปวดศีรษะ
WRO007/2,หนาวสั่น
RM007/3,อ่อนเพลีย
RM007/3,เวียนหัว
RM007/3,หน้ามืด
RM007/3,ท้องร่วง
NR013/2,เจ็บคอ
NR013/2,มีเสมหะ
NR014/2,มีเสมหะ
NR014/2,ไอ
NR014/2,แน่นหน้าอก
WRO008/1,มีเสมหะ
NR015/1,หนาวสั่น
WRO009/2,ท้องร่วง
WRO009/2,แน่นหน้าอก
NR016/1,อ่อนเพลีย
NR016/1,เวียนหัว
RM008/2,ไอ
RM008/2,หนาวสั่น
NR017/1,หน้ามืด
NR017/1,ไข้
RM009/1,เวียนหัว
WRO010/1,แน่นหน้าอก
WRO011/1,มีเสมหะ
WRO011/1,แน่นหน้าอก
WRO011/1,จุกเสียด
RM010/1,ตัวร้อน
NR018/3,เจ็บคอ
NR019/2,คลื่นไส้
NR019/2,ท้องร่วง
NR019/2,ท้องอืด
NR020/1,ไอ
WRO012/1,เวียนหัว
WRO012/1,หน้ามืด
WRO012/1,เบื่ออาหาร
RM011/1,ไข้
RM011/1,หนาวสั่น
RM011/1,กระหายน้ำ
NR021/2,หน้ามืด
WRO013/2,จุกเสียด
WRO013/2,เจ็บคอ
NR022/2,ไข้
NR022/2,หนาวสั่น
NR022/2,ตัวร้อน
WRO014/2,อ่อนเพลีย
WRO014/2,หน้ามืด
NR023/2,ไอ
WRO015/3,แน่นหน้าอก
WRO015/3,อ่อนเพลีย
WRO016/1,ท้องอืด
WRO016/1,อ่อนเพลีย
RM012/3,ท้องร่วง
WRO017/3,มีเสมหะ
WRO017/3,เจ็บคอ
WRO017/3,ตัวร้อน
WRO018/2,ท้องอืด
WRO018/2,คลื่นไส้
WRO019/1,ไอ
WRO019/1,แน่นหน้าอก
NR024/3,ตัวร้อน
NR024/3,หนาวสั่น
NR025/1,จุกเสียด
NR025/1,เบื่ออาหาร
NR026/1,คลื่นไส้
NR026/1,ท้องร่วง
NR026/1,จุกเสียด
NR026/1,เวียนหัว
NR027/2,อ่อนเพลีย
NR028/2,หนาวสั่น
NR029/2,มีเสมหะ
NR029/2,แน่นหน้าอก
NR029/2,ไอ
RM013/1,มีเสมหะ
RM013/1,ไอ
RM014/2,คลื่นไส้
WRO020/1,มีเสมหะ
WRO021/1,อ่อนเพลีย
WRO021/1,เวียนหัว
RM015/3,หนาวสั่น
NR030/2,หนาวสั่น
NR030/2,กระหายน้ำ
NR030/2,ตัวร้อน
NR031/1,ปวดศีรษะ
NR032/1,ตัวร้อน
NR032/1,หนาวสั่น
NR033/3,แน่นหน้าอก
NR033/3,เจ็บคอ
NR033/3,หน้ามืด
NR034/1,เบื่ออาหาร
NR034/1,ท้องร่วง
NR034/1,จุกเสียด
NR035/1,ตัวร้อน
NR035/1,ปวดศีรษะ
RM016/2,หนาวสั่น
RM016/2,กระหายน้ำ
NR036/2,หนาวสั่น
NR036/2,ไข้
NR036/2,ปวดศีรษะ
WRO022/2,คลื่นไส้
NR037/2,ไอ
NR037/2,มีเสมหะ
WRO023/1,จุกเสียด
WRO023/1,เจ็บคอ
NR038/2,ท้องอืด
NR038/2,คลื่นไส้
NR039/2,ท้องร่วง
NR039/2,มีเสมหะ
WRO024/2,กระหายน้ำ
WRO024/2,เวียนหัว
RM017/1,หน้ามืด
RM017/1,เวียนหัว
RM017/1,อ่อนเพลีย
RM017/1,คลื่นไส้
WRO025/3,เจ็บคอ
WRO025/3,ไอ
WRO025/3,แน่นหน้าอก
WRO025/3,อ่อนเพลีย
RM018/1,ตัวร้อน
RM018/1,หนาวสั่น
WRO026/3,เวียนหัว
WRO026/3,หน้ามืด
WRO026/3,อ่อนเพลีย
WRO027/1,หน้ามืด
WRO027/1,เวียนหัว
WRO027/1,อ่อนเพลีย
WRO028/1,ปวดศีรษะ
WRO028/1,ตัวร้อน
WRO029/1,เวียนหัว
NR040/3,เบื่ออาหาร
NR040/3,จุกเสียด
RM019/1,ท้องอืด
RM019/1,กระหายน้ำ
NR041/1,กระหายน้ำ
NR041/1,ไข้
WRO030/2,แน่นหน้าอก
WRO030/2,เจ็บคอ
NR042/2,หนาวสั่น
NR042/2,ปวดศีรษะ
NR042/2,ไข้
WRO031/2,ท้องร่วง
WRO031/2,จุกเสียด
WRO031/2,คลื่นไส้
WRO032/3,เบื่ออาหาร
WRO032/3,จุกเสียด
WRO032/3,คลื่นไส้
WRO032/3,เวียนหัว
NR043/3,จุกเสียด
WRO033/3,ไอ
WRO033/3,มีเสมหะ
WRO034/3,หน้ามืด
WRO034/3,เวียนหัว
NR044/2,เจ็บคอ
RM020/1,หนาวสั่น
RM020/1,ปวดศีรษะ
RM020/1,ไข้
WRO035/1,หน้ามืด
WRO035/1,อ่อนเพลีย
WRO036/1,จุกเสียด
WRO036/1,ท้องอืด
WRO036/1,เบื่ออาหาร
WRO036/1,ปวดศีรษะ
RM021/3,เบื่ออาหาร
RM022/3,เวียนหัว
RM022/3,อ่อนเพลีย
RM022/3,หน้ามืด
NR045/2,หนาวสั่น
NR045/2,อ่อนเพลีย
NR046/1,แน่นหน้าอก
NR046/1,มีเสมหะ
NR046/1,ไอ
NR046/1,ท้องอืด
WRO037/2,หนาวสั่น
WRO037/2,กระหายน้ำ
WRO037/2,ไข้
NR047/2,อ่อนเพลีย
WRO038/1,แน่นหน้าอก
WRO039/1,มีเสมหะ
WRO039/1,แน่นหน้าอก
WRO039/1,เจ็บคอ
WRO039/1,อ่อนเพลีย
NR048/2,หน้ามืด
NR048/2,เวียนหัว
WRO040/1,ไอ
WRO040/1,แน่นหน้าอก
WRO040/1,มีเสมหะ
WRO041/3,ตัวร้อน
WRO041/3,ไข้
NR049/3,ท้องร่วง
NR049/3,ท้องอืด
NR049/3,คลื่นไส้
NR050/1,จุกเสียด
NR051/3,เวียนหัว
NR051/3,หน้ามืด
WRO042/2,เวียนหัว
WRO042/2,อ่อนเพลีย
NR052/1,ไอ
NR052/1,มีเสมหะ
NR052/1,เจ็บคอ
RM023/3,หนาวสั่น
RM024/2,เจ็บคอ
RM024/2,แน่นหน้าอก
RM024/2,หนาวสั่น
WRO043/3,ปวดศีรษะ
WRO043/3,กระหายน้ำ
WRO043/3,หนาวสั่น
RM025/1,คลื่นไส้
RM025/1,ท้องอืด
RM025/1,จุกเสียด
WRO044/3,ท้องร่วง
WRO044/3,ท้องอืด
WRO044/3,คลื่นไส้
RM026/2,มีเสมหะ
NR053/2,อ่อนเพลีย
NR053/2,เวียนหัว
NR053/2,หน้ามืด
WRO045/1,เวียนหัว
RM027/1,หนาวสั่น
RM027/1,หน้ามืด
NR054/3,ตัวร้อน
WRO046/3,ไอ
WRO046/3,เจ็บคอ
WRO046/3,มีเสมหะ
WRO047/2,ปวดศีรษะ
WRO047/2,หนาวสั่น
WRO047/2,กระหายน้ำ
NR055/3,ท้องร่วง
NR055/3,คลื่นไส้
NR055/3,จุกเสียด
NR056/1,หนาวสั่น
NR056/1,ตัวร้อน
NR056/1,กระหายน้ำ
NR056/1,จุกเสียด
WRO048/2,ท้องอืด
WRO048/2,คลื่นไส้
WRO049/3,เจ็บคอ
WRO049/3,หนาวสั่น
RM028/2,จุกเสียด
RM028/2,ท้องร่วง
NR057/2,เวียนหัว
NR057/2,อ่อนเพลีย
WRO050/1,ไข้
WRO050/1,กระหายน้ำ
WRO050/1,ตัวร้อน
WRO050/1,แน่นหน้าอก
WRO051/1,กระหายน้ำ
RM029/3,อ่อนเพลีย
RM029/3,เวียนหัว
RM029/3,หน้ามืด
WRO052/1,อ่อนเพลีย
WRO052/1,หน้ามืด
RM030/3,มีเสมหะ
WRO053/1,มีเสมหะ
WRO053/1,แน่นหน้าอก
WRO053/1,ไอ
RM031/3,ปวดศีรษะ
RM031/3,หนาวสั่น
RM031/3,ท้องอืด
RM032/2,เจ็บคอ
RM032/2,คลื่นไส้
WRO054/1,ตัวร้อน
WRO054/1,ปวดศีรษะ
NR058/3,ปวดศีรษะ
NR058/3,ตัวร้อน
NR058/3,เวียนหัว
RM033/2,มีเสมหะ
RM033/2,ไอ
RM033/2,เจ็บคอ
RM033/2,ท้องอืด
WRO055/2,เจ็บคอ
RM034/2,กระหายน้ำ
RM034/2,หนาวสั่น
NR059/3,แน่นหน้าอก
NR059/3,เจ็บคอ
NR060/3,ปวดศีรษะ
NR060/3,หนาวสั่น
NR061/2,หนาวสั่น
NR061/2,ไข้
RM035/2,เจ็บคอ
WRO056/3,คลื่นไส้
WRO056/3,เบื่ออาหาร
WRO057/2,เวียนหัว
NR062/2,ปวดศีรษะ
NR062/2,กระหายน้ำ
NR062/2,หนาวสั่น
NR063/2,จุกเสียด
NR063/2,คลื่นไส้
NR063/2,เบื่ออาหาร
WRO058/2,อ่อนเพลีย
WRO058/2,หน้ามืด
WRO058/2,เวียนหัว
RM036/3,ตัวร้อน
RM036/3,กระหายน้ำ
WRO059/1,อ่อนเพลีย
WRO059/1,จุกเสียด
NR064/3,จุกเสียด
NR064/3,เบื่ออาหาร
NR064/3,ท้องร่วง
NR064/3,อ่อนเพลีย
NR065/2,ตัวร้อน
NR065/2,หนาวสั่น
WRO060/3,ท้องอืด
WRO060/3,เบื่ออาหาร
WRO060/3,จุกเสียด
WRO061/1,ตัวร้อน
WRO061/1,หนาวสั่น
WRO062/1,คลื่นไส้
WRO062/1,จุกเสียด
WRO062/1,เบื่ออาหาร
RM037/2,เวียนหัว
RM037/2,หน้ามืด
WRO063/1,แน่นหน้าอก
WRO063/1,ไอ
WRO063/1,เจ็บคอ
WRO064/1,ท้องอืด
WRO064/1,เบื่ออาหาร
NR066/1,ไอ
NR067/1,ตัวร้อน
NR068/3,ตัวร้อน
NR068/3,ไข้
NR068/3,ปวดศีรษะ
WRO065/1,กระหายน้ำ
NR069/3,เจ็บคอ
NR069/3,มีเสมหะ
NR069/3,ท้องอืด
NR070/1,ปวดศีรษะ
NR070/1,หนาวสั่น
NR071/1,เบื่ออาหาร
NR071/1,จุกเสียด
NR071/1,คลื่นไส้
NR071/1,ปวดศีรษะ
NR072/3,หนาวสั่น
NR072/3,กระหายน้ำ
WRO066/1,หนาวสั่น
WRO066/1,ไข้
NR073/1,ตัวร้อน
WRO067/2,คลื่นไส้
WRO067/2,แน่นหน้าอก
WRO068/2,ท้องร่วง
WRO068/2,จุกเสียด
RM038/2,แน่นหน้าอก
NR074/3,เจ็บคอ
NR074/3,ไอ
NR074/3,มีเสมหะ
